Number,Player,Team,Pos,DOB,BirthCity,S_P,Ctry,HT,Wt,S,Draft, RndOvrl,Rk,GP,G,A,Pts,PlusMinus,PIM,TOI_G
40,Michael Grabner,NYI,R,Oct 05 '87,Villach,,AUT,73,186,L,2006,1,14,,45,16,5,21,+4,12
14,Andreas Nodl,CAR,R,Feb 28 '87,Vienna,,AUT,73,196,L,2006,2,39,,8,0,1,1,-1,2
26,Thomas Vanek,BUF,L,Jan 19 '84,Vienna,,AUT,74,205,R,2003,1,5,,38,20,21,41,-1,20
74,Sergei Kostitsyn,NSH,L,Mar 20 '87,Novopolotsk,,BLR,72,196,L,2005,7,200,,46,3,12,15,-5,11
44,Robyn Regehr,"BUF, LAK",D,Apr 19 '80,Recife,,BRA,75,225,L,1998,1,19,,41,0,4,4,-4,23
27,Craig Adams,PIT,R,Apr 26 '77,Seria,,BRN,72,197,R,1996,9,223,,48,3,6,9,-1,28
72,Luke Adam,BUF,C,Jun 18 '90,St. John's,NF,CAN,74,206,L,2008,2,44,,4,1,0,1,+1,2
42,Jason Akeson,PHI,R,Jun 03 '90,Ottawa,ON,CAN,70,190,R,,,,Y,1,1,0,1,+2,0
55,Bryan Allen,ANA,D,Aug 21 '80,Kingston,ON,CAN,77,229,L,1998,1,4,,41,0,6,6,+1,34
27,Karl Alzner,WSH,D,Sep 24 '88,Burnaby,BC,CAN,75,213,L,2007,1,5,,48,1,4,5,-6,14
10,Mike Angelidis,TBL,L,Jun 27 '85,Woodbridge,ON,CAN,73,212,L,,,,,1,0,0,0,+0,0
20,Colby Armstrong,MTL,R,Nov 23 '82,Lloydminster,SK,CAN,74,185,R,2001,1,21,,37,2,3,5,+1,12
45,Arron Asham,NYR,R,Apr 13 '78,Portage La Prairie,MB,CAN,71,205,R,1996,3,71,,27,2,0,2,+2,50
33,Adrian Aucoin,CBJ,D,Jul 03 '73,Ottawa,ON,CAN,74,215,R,1992,5,117,,36,0,4,4,-8,16
36,Jonathan Audy-Marchessault,CBJ,C,Dec 27 '90,Cap-Rouge,QC,CAN,69,175,R,,,,Y,2,0,0,0,-1,0
3,Keith Aulie,TBL,D,Jun 11 '89,Rouleau,SK,CAN,78,228,L,2007,4,116,,45,2,5,7,+1,60
12,Josh Bailey,NYI,C,Oct 02 '89,Bowmanville,ON,CAN,73,190,L,2008,1,9,,38,11,8,19,+7,6
46,Carter Bancks,CGY,L,Aug 09 '89,Calgary,AB,CAN,71,181,L,,,,Y,2,0,0,0,+0,0
8,Mark Barberio,TBL,D,Mar 23 '90,Montreal,QC,CAN,73,185,L,2008,6,152,Y,2,0,0,0,-2,0
22,Krystofer Barch,NJD,L,Mar 26 '80,Hamilton,ON,CAN,73,220,L,1998,4,106,,22,0,0,0,+1,44
18,Cam Barker,VAN,D,Apr 04 '86,Winnipeg,MB,CAN,75,223,L,2004,1,3,,14,0,2,2,-3,4
41,Tyson Barrie,COL,D,Jul 26 '91,Victoria,BC,CAN,70,190,R,2009,3,64,Y,32,2,11,13,-11,10
64,Victor Bartley,NSH,D,Feb 17 '88,Ottawa,ON,CAN,72,203,L,,,,Y,24,0,7,7,+2,6
83,Jay Beagle,WSH,R,Oct 16 '85,Calgary,AB,CAN,75,215,R,,,,,48,2,6,8,-1,14
23,Francois Beauchemin,ANA,D,Jun 04 '80,Sorel,QC,CAN,73,207,L,1998,3,75,,48,6,18,24,+19,22
40,Nathan Beaulieu,MTL,D,Dec 05 '92,Strathroy,ON,CAN,73,182,L,2011,1,17,Y,6,0,2,2,+5,0
56,Taylor Beck,NSH,L,May 13 '91,St. Catherines,ON,CAN,74,203,R,2009,3,70,Y,16,3,4,7,+0,2
28,Steve Begin,CGY,L,Jun 14 '78,Trois-Rivieres,QC,CAN,72,192,L,1996,2,40,,36,4,4,8,-2,22
20,Eric Belanger,EDM,C,Dec 16 '77,Sherbrooke,QC,CAN,71,185,L,1996,4,96,,26,0,3,3,-1,10
39,Matt Beleskey,ANA,L,Jun 07 '88,Windsor,ON,CAN,72,206,L,2006,4,112,,42,8,5,13,+2,56
73,Brett Bellemore,CAR,D,Jun 25 '88,Windsor,ON,CAN,76,210,R,2007,6,162,Y,8,0,2,2,-2,7
14,Jamie Benn,DAL,C,Jul 18 '89,Victoria,BC,CAN,74,205,L,2007,5,129,,41,12,21,33,-12,40
58,Jordie Benn,DAL,D,Jul 26 '87,Victoria,BC,CAN,73,200,L,,,,Y,26,1,5,6,-4,10
,Andre Benoit,OTT,D,Jan 06 '84,St. Albert,ON,CAN,71,191,L,,,,,33,3,7,10,-3,8
47,Marc-Andre Bergeron,"TBL, CAR",D,Oct 13 '80,Trois-Rivieres,QC,CAN,69,190,L,,,,,25,1,8,9,-4,9
37,Patrice Bergeron,BOS,C,Jul 24 '85,Ancienne-Lorette,QC,CAN,74,194,R,2003,2,45,,42,10,22,32,+24,18
18,Steve Bernier,NJD,R,Mar 31 '85,Quebec City,QC,CAN,75,220,R,2003,1,16,,47,8,7,15,-7,17
44,Todd Bertuzzi,DET,R,Feb 02 '75,Sudbury,ON,CAN,75,229,L,1993,1,23,,7,2,1,3,+3,2
29,Bryan Bickell,CHI,L,Mar 09 '86,Bowmanville,ON,CAN,76,233,L,2004,2,41,,48,9,14,23,+12,25
3,Kevin Bieksa,VAN,D,Jun 16 '81,Grimsby,ON,CAN,73,198,R,2001,5,151,,36,6,6,12,+6,48
12,Paul Bissonnette,PHX,L,Mar 11 '85,Welland,ON,CAN,74,216,L,2003,4,121,,28,0,6,6,+2,36
72,Nicolas Blanchard,CAR,L,May 31 '87,Granby,QC,CAN,75,205,L,2005,6,192,Y,9,0,0,0,-2,20
45,Mike Blunden,MTL,R,Dec 15 '86,Toronto,ON,CAN,76,214,R,2005,2,43,,5,0,0,0,-1,4
,Alexandre Bolduc,PHX,C,Jun 26 '85,Montreal,QC,CAN,75,200,L,2003,4,127,,14,0,0,0,-4,2
36,Dave Bolland,CHI,C,Jun 05 '86,Mimico,ON,CAN,72,184,R,2004,2,32,,35,7,7,14,-7,22
58,Patrick Bordeleau,COL,L,Mar 23 '86,Montreal,QC,CAN,78,225,L,2004,4,114,,46,2,3,5,-7,70
74,Mark Borowiecki,OTT,D,Jul 12 '89,Ottawa,ON,CAN,73,200,L,2008,5,139,Y,6,0,0,0,+1,18
41,Robert Bortuzzo,PIT,D,Mar 18 '89,Thunder Bay,ON,CAN,76,215,R,2007,3,78,Y,15,2,2,4,+3,27
96,Pierre-Marc Bouchard,MIN,C,Apr 27 '84,Sherbrooke,QC,CAN,71,171,L,2002,1,8,,43,8,12,20,+3,8
36,Eric Boulton,NYI,L,Aug 17 '76,Halifax,NS,CAN,72,224,L,1994,9,234,,15,0,0,0,-4,36
57,Gabriel Bourque,NSH,L,Sep 23 '90,Rimouski,QC,CAN,70,192,L,2009,5,132,,34,11,5,16,+6,4
17,Rene Bourque,MTL,R,Dec 10 '81,Lac La Biche,AB,CAN,74,213,L,,,,,27,7,6,13,-1,32
19,Jay Bouwmeester,"CGY, STL",D,Sep 27 '83,Edmonton,AB,CAN,76,212,L,2002,1,3,,47,7,15,22,-6,22
32,Zach Boychuk,"CAR, PIT, NSH",L,Oct 04 '89,Airdrie,AB,CAN,70,185,L,2008,1,14,,13,1,1,2,-1,6
55,Johnny Boychuk,BOS,D,Jan 19 '84,Edmonton,AB,CAN,74,225,R,2002,2,61,,44,1,5,6,+5,12
24,Brad Boyes,NYI,R,Apr 17 '82,Missisauga,ON,CAN,72,195,R,2000,1,24,,48,10,25,35,-6,16
22,Dan Boyle,SJS,D,Jul 12 '76,Ottawa,ON,CAN,71,190,R,,,,,46,7,13,20,+3,27
42,Tyler Bozak,TOR,C,Mar 19 '86,Regina,SK,CAN,73,195,R,,,,,46,12,16,28,-1,6
16,Derick Brassard,"CBJ, NYR",C,Sep 22 '87,Hull,QC,CAN,73,202,L,2006,1,6,,47,12,17,29,+1,16
37,Tim Brent,CAR,C,Mar 10 '84,Cambridge,,CAN,72,188,R,2004,3,75,,30,0,3,3,-3,8
2,Eric Brewer,TBL,D,Apr 17 '79,Vernon,BC,CAN,76,216,L,1997,1,5,,48,4,8,12,+3,30
48,Daniel Brière,PHI,C,Oct 06 '77,Gatineau,QC,CAN,70,179,R,1996,1,24,,34,6,10,16,-13,10
7,TJ Brodie,CGY,D,Jun 07 '90,Chatham,ON,CAN,73,182,L,2008,4,114,,47,2,12,14,-9,8
21,Kyle Brodziak,MIN,C,May 25 '84,St. Paul,AB,CAN,74,210,R,2003,7,214,,48,8,4,12,-18,20
17,Sheldon Brookbank,CHI,D,Oct 03 '80,Lanigan,SK,CAN,73,202,R,,,,,26,1,0,1,-2,21
20,Troy Brouwer,WSH,R,Aug 17 '85,Vancouver,BC,CAN,75,213,R,2004,7,214,,47,19,14,33,-5,28
88,Brent Burns,SJS,D,Mar 09 '85,Barrie,ON,CAN,77,225,R,2003,1,20,,30,9,11,20,+0,20
14,Alexandre Burrows,VAN,R,Apr 11 '81,Pincourt,QC,CAN,73,188,L,,,,,47,13,11,24,+15,54
32,Paul Byron,CGY,C,Apr 27 '89,Ottawa,ON,CAN,67,153,L,2007,6,179,,4,0,1,1,-2,2
11,Matt Calvert,CBJ,L,Dec 24 '89,Brandon,MB,CAN,70,187,L,2008,5,127,,42,9,7,16,-9,32
13,Mike Cammalleri,CGY,C,Jun 08 '82,Richmond Hill,ON,CAN,69,190,L,2001,2,49,,44,13,19,32,-15,25
11,Gregory Campbell,BOS,C,Dec 17 '83,London,ON,CAN,72,197,L,2002,3,67,,48,4,9,13,+2,41
51,Brian Campbell,FLA,D,May 23 '79,Strathroy,ON,CAN,70,190,L,1997,6,156,,48,8,19,27,-22,12
13,Daniel Carcillo,CHI,L,Jan 28 '85,King City,ON,CAN,72,203,L,2003,3,73,,23,2,1,3,+1,11
7,Matt Carkner,NYI,D,Nov 03 '80,Winchester,ON,CAN,76,227,R,1999,2,58,,22,0,2,2,-2,46
38,Jordan Caron,BOS,R,Nov 02 '90,Sayabec,QC,CAN,75,204,L,2009,1,25,,17,1,2,3,+1,4
3,Brett Carson,CGY,D,Nov 29 '85,Regina,SK,CAN,76,210,R,2004,4,109,,10,0,1,1,-1,0
77,Jeff Carter,LAK,C,Jan 01 '85,London,ON,CAN,76,210,R,2003,1,11,,48,26,7,33,+0,16
62,Michael Caruso,FLA,D,Jul 05 '88,Missisauga,ON,CAN,74,191,L,2006,4,103,Y,2,0,0,0,-1,0
12,Alex Chiasson,DAL,R,Oct 01 '90,Montreal,QC,CAN,76,187,R,2009,2,38,Y,7,6,1,7,+3,0
25,Jason Chimera,WSH,L,May 02 '79,Edmonton,AB,CAN,75,213,L,1997,5,121,,47,3,11,14,-5,48
24,Kyle Chipchura,PHX,C,Feb 19 '86,Westlock,AB,CAN,74,203,L,2004,1,18,,46,5,9,14,+1,50
53,Casey Cizikas,NYI,C,Feb 27 '91,Toronto,ON,CAN,71,187,L,2009,4,92,Y,45,6,9,15,+0,14
5,Brett Clark,MIN,D,Dec 23 '76,Wapella,SK,CAN,72,194,L,1996,6,154,,8,0,1,1,-9,0
71,David Clarkson,NJD,R,Mar 31 '84,Toronto,ON,CAN,73,200,R,,,,,48,15,9,24,-6,78
11,Daniel Cleary,DET,R,Dec 18 '78,Carbonear,NL,CAN,72,208,L,1997,1,13,,48,9,6,15,-6,40
13,Kyle Clifford,LAK,L,Jan 13 '91,Ayr,ON,CAN,74,209,L,2009,2,35,,48,7,7,14,+1,51
24,Grant Clitsome,WPG,D,Apr 14 '85,Gloucester,ON,CAN,71,215,L,2004,9,271,,44,4,12,16,+10,18
29,Ryane Clowe,"SJS, NYR",L,Sep 30 '82,St. John's,NF,CAN,74,225,L,2001,6,175,,40,3,16,19,+1,93
16,Rich Clune,NSH,L,Apr 25 '87,Toronto,ON,CAN,70,207,L,2005,3,71,Y,47,4,5,9,+3,113
15,Cal Clutterbuck,MIN,R,Nov 18 '87,Welland,ON,CAN,71,213,R,2006,3,72,,42,4,6,10,-5,27
5,Braydon Coburn,PHI,D,Feb 27 '85,Shaunavon,SK,CAN,77,220,L,2003,1,8,,33,1,4,5,-10,41
7,Andrew Cogliano,ANA,C,Jun 14 '87,Toronto,ON,CAN,70,180,L,2005,1,25,,48,13,10,23,+14,6
28,Carlo Colaiacovo,DET,D,Jan 27 '83,Toronto,ON,CAN,73,200,L,2001,1,17,,6,0,1,1,-4,2
32,Joe Colborne,TOR,C,Jan 30 '90,Calgary,AB,CAN,77,213,L,2008,1,16,Y,5,0,0,0,-1,2
43,Sean Collins,CBJ,C,Dec 29 '88,Saskatoon,SK,CAN,75,201,L,2008,7,187,Y,5,0,0,0,-2,6
14,Blake Comeau,"CGY, CBJ",L,Feb 18 '86,Meadow Lake,SK,CAN,72,195,R,2004,2,47,,42,6,6,12,-4,20
89,Cory Conacher,"TBL, OTT",L,Dec 14 '89,Burlington,ON,CAN,68,179,L,,,,Y,47,11,18,29,+3,20
14,Brett Connolly,TBL,R,May 02 '92,Campbell River,BC,CAN,74,181,R,2010,1,6,,5,1,0,1,-3,0
24,Matt Cooke,PIT,L,Sep 07 '78,Belleville,ON,CAN,71,205,L,1997,6,144,,48,8,13,21,-2,36
28,Patrice Cormier,WPG,C,Jun 14 '90,Moncton,NB,CAN,74,215,L,2008,2,54,,10,0,0,0,-3,7
26,Frank Corrado,VAN,D,Mar 26 '93,Toronto,ON,CAN,72,190,R,2011,5,150,Y,3,0,0,0,-1,0
39,Logan Couture,SJS,C,Mar 28 '89,Guelph,ON,CAN,73,200,L,2007,1,9,,48,21,16,37,+7,4
2,Jared Cowen,OTT,D,Jan 25 '91,Saskatoon,SK,CAN,77,230,L,2009,1,9,,7,1,0,1,+1,10
79,Adam Cracknell,STL,R,Jul 15 '85,Prince Albert,SK,CAN,74,210,R,2004,9,279,,20,2,4,6,+3,4
87,Sidney Crosby,PIT,C,Aug 07 '87,Cole Harbour,NS,CAN,71,200,L,2005,1,1,,36,15,41,56,+26,16
42,Mark Cundari,CGY,D,Apr 23 '90,Toronto,ON,CAN,69,195,L,,,,Y,4,1,2,3,-2,2
16,Matt D'Agostini,"STL, NJD",R,Oct 23 '86,Sault Ste. Marie,ON,CAN,72,198,R,2005,6,190,,29,3,3,6,-5,8
6,Trevor Daley,DAL,D,Oct 09 '83,Toronto,ON,CAN,71,198,L,2002,2,43,,44,4,9,13,+1,14
22,Zac Dalpe,CAR,C,Nov 01 '89,Paris,ON,CAN,73,190,R,2008,2,45,,10,1,2,3,-7,0
4,Michael Del Zotto,NYR,D,Jun 24 '90,Stouffville,ON,CAN,72,195,L,2008,1,20,,46,3,18,21,+6,18
5,Jason Demers,SJS,D,Jun 09 '88,Dorval,QC,CAN,73,195,R,2008,7,186,,22,1,2,3,-4,10
51,David Desharnais,MTL,C,Sep 14 '86,Laurier-Station,QC,CAN,67,177,L,,,,,48,10,18,28,-2,26
10,Andrew Desjardins,SJS,C,Jul 27 '86,Lively,ON,CAN,73,195,L,,,,,42,2,1,3,-6,61
47,Simon Despres,PIT,D,Jul 27 '91,Laval,QC,CAN,76,214,L,2009,1,30,Y,33,2,5,7,+9,20
4,Brenden Dillon,DAL,D,Nov 13 '90,New Westminster,BC,CAN,75,228,L,,,,Y,48,3,5,8,+1,65
19,Shane Doan,PHX,R,Oct 10 '76,Halkirk,AB,CAN,73,223,R,1995,1,7,,48,13,14,27,+6,37
15,Derek Dorsett,CBJ,R,Dec 20 '86,Kindersley,SK,CAN,72,192,R,2006,7,189,,24,3,6,9,-11,53
8,Drew Doughty,LAK,D,Dec 08 '89,London,ON,CAN,73,208,R,2008,1,2,,48,6,16,22,+4,36
27,Steve Downie,COL,R,Apr 03 '87,Newmarket,ON,CAN,71,191,R,2005,1,29,,2,0,1,1,+1,6
34,Nick Drazenovic,CBJ,C,Jan 14 '87,Prince George,BC,CAN,72,192,L,2005,6,171,Y,8,0,0,0,-2,4
9,Matt Duchene,COL,C,Jan 16 '91,Haliburton,ON,CAN,71,200,L,2009,1,3,,47,17,26,43,-12,12
37,Gabriel Dumont,MTL,C,Oct 06 '90,Ville Degelis,QC,CAN,69,170,R,2009,5,139,Y,10,1,2,3,+1,13
9,Pascal Dupuis,PIT,R,Apr 07 '79,Laval,QC,CAN,73,205,L,,,,,48,20,18,38,+31,26
59,Dave Dziurzynski,OTT,L,Oct 06 '89,Lloydminster,AB,CAN,75,204,L,,,,Y,12,2,0,2,-1,13
55,Ben Eager,EDM,L,Jan 22 '84,Ottawa,ON,CAN,74,236,L,2002,1,23,,14,1,1,2,-4,25
20,Cody Eakin,DAL,C,May 24 '91,Winnipeg,MB,CAN,72,190,L,2009,3,85,,48,7,17,24,+1,31
17,Patrick Eaves,DET,R,May 01 '84,Calgary,AB,CAN,72,187,R,2003,1,29,,34,2,6,8,-1,4
25,Andrew Ebbett,VAN,C,Jan 02 '83,Vernon,BC,CAN,69,174,L,,,,,28,1,5,6,-1,4
14,Jordan Eberle,EDM,R,May 15 '90,Regina,SK,CAN,71,184,R,2008,1,22,,48,16,21,37,-4,16
5,Keaton Ellerby,"FLA, LAK",D,Nov 05 '88,Strathmore,AB,CAN,77,221,L,2007,1,10,,44,0,3,3,+3,52
46,Stefan Elliott,COL,D,Jan 30 '91,Vancouver,BC,CAN,73,190,R,2009,2,49,,18,1,3,4,-3,2
37,Matt Ellis,BUF,L,Aug 31 '81,Welland,ON,CAN,72,212,L,,,,,6,0,0,0,+0,0
4,Ryan Ellis,NSH,D,Jan 03 '91,Hamilton,ON,CAN,70,175,R,2009,1,11,,32,2,4,6,-2,15
44,Steve Eminger,NYR,D,Oct 31 '83,Woodbridge,ON,CAN,74,207,R,2002,1,12,,35,0,3,3,+9,8
25,Cory Emmerton,DET,C,Jun 01 '88,St. Thomas,ON,CAN,72,191,L,2006,2,41,,48,5,3,8,-1,4
5,Deryk Engelland,PIT,D,Apr 03 '82,Edmonton,AB,CAN,74,202,R,2000,6,194,,42,0,6,6,+5,54
63,Tyler Ennis,BUF,C,Oct 06 '89,Edmonton,AB,CAN,69,157,L,2008,1,26,,47,10,21,31,-14,16
4,John Erskine,WSH,D,Jun 26 '80,Kingston,ON,CAN,76,220,L,1998,2,39,,30,3,3,6,+10,34
,Justin Falk,MIN,D,Oct 11 '88,Snowflake,MB,CAN,77,215,L,2007,4,110,,36,0,3,3,-9,40
16,Eric Fehr,WSH,R,Sep 07 '85,Winkler,MB,CAN,76,212,R,2003,1,18,,41,9,8,17,+14,10
21,Andrew Ference,BOS,D,Mar 17 '79,Edmonton,AB,CAN,71,189,L,1997,8,208,,48,4,9,13,+9,35
38,Vernon Fiddler,DAL,C,May 09 '80,Edmonton,AB,CAN,71,197,L,,,,,46,4,13,17,+3,48
12,Mike Fisher,NSH,C,Jun 05 '80,Peterborough,ON,CAN,73,215,R,1998,2,44,,38,10,11,21,+6,27
45,Mark Fistric,EDM,D,Jun 01 '86,Edmonton,AB,CAN,74,233,L,2004,1,28,,25,0,6,6,+6,32
3,Kurtis Foster,PHI,D,Nov 24 '81,Carp,ON,CAN,77,225,R,2000,2,40,,23,1,4,5,+0,25
4,Cam Fowler,ANA,D,Dec 05 '91,Windsor,ON,CAN,73,196,L,2010,1,12,,37,1,10,11,-4,4
4,Cody Franson,TOR,D,Aug 08 '87,Sicamous,BC,CAN,77,213,R,2005,3,79,,45,4,25,29,+4,8
2,Mark Fraser,TOR,D,Sep 29 '86,Ottawa,ON,CAN,76,220,L,2005,3,84,,45,0,8,8,+18,85
24,Colin Fraser,LAK,C,Jan 28 '85,Sicamous,BC,CAN,73,189,L,2003,3,69,,34,2,5,7,-4,25
2,Mark Fraser,TOR,D,Sep 29 '86,Ottawa,ON,CAN,76,220,L,2005,3,84,,45,0,8,8,+18,85
39,Matt Frattin,TOR,R,Jan 03 '88,Edmonton,AB,CAN,72,200,R,2007,4,99,,25,7,6,13,+6,4
12,Simon Gagne,"LAK, PHI",L,Feb 29 '80,Ste. Foy,QC,CAN,73,195,L,1998,1,22,,38,5,11,16,-1,8
89,Sam Gagner,EDM,C,Aug 10 '89,London,ON,CAN,71,199,R,2007,1,6,,48,14,24,38,-6,23
21,Aaron Gagnon,WPG,C,Apr 24 '86,Quesnel,BC,CAN,71,186,R,2004,8,240,,10,3,0,3,+2,2
21,TJ Galiardi,SJS,L,Apr 22 '88,Calgary,AB,CAN,74,195,L,2007,2,55,,36,5,9,14,+1,14
11,Brendan Gallagher,MTL,R,May 06 '92,Edmonton,AB,CAN,69,178,R,2010,5,147,Y,44,15,13,28,+10,33
40,Ryan Garbutt,DAL,C,Aug 12 '85,Winnipeg,MB,CAN,72,190,L,,,,,36,3,7,10,+1,32
5,Jason Garrison,VAN,D,Nov 13 '84,White Rock,BC,CAN,74,218,L,,,,,47,8,8,16,+18,28
32,Eric Gelinas,NJD,D,May 08 '91,Vanier,ON,CAN,76,210,L,2009,2,54,Y,1,0,0,0,-1,0
27,Bruno Gervais,PHI,D,Oct 03 '84,Longueuil,QC,CAN,73,200,R,2003,6,182,,37,1,5,6,-17,10
15,Ryan Getzlaf,ANA,C,May 10 '85,Regina,SK,CAN,76,221,R,2003,1,19,,44,15,34,49,+14,41
9,Colton Gillies,CBJ,C,Feb 12 '89,White Rock,BC,CAN,76,208,L,2007,1,16,,27,1,1,2,+1,17
5,Mark Giordano,CGY,D,Oct 03 '83,Toronto,ON,CAN,72,200,L,,,,,47,4,11,15,-7,40
5,Dan Girardi,NYR,D,Apr 29 '84,Welland,ON,CAN,73,203,R,,,,,46,2,12,14,-1,16
28,Claude Giroux,PHI,R,Jan 12 '88,Hearst,ON,CAN,71,172,R,2006,1,22,,48,13,35,48,-7,22
15,Tanner Glass,PIT,L,Nov 29 '83,Regina,SK,CAN,73,210,L,2003,9,265,,48,1,1,2,-11,62
20,Curtis Glencross,CGY,L,Dec 28 '82,Kindersley,SK,CAN,73,197,L,,,,,40,15,11,26,-8,18
48,Cody Goloubef,CBJ,D,Nov 30 '89,Missisauga,ON,CAN,73,190,R,2008,2,37,Y,11,1,0,1,-3,0
44,Andrew Gordon,VAN,R,Dec 13 '85,Porters Lake,NS,CAN,72,194,R,2004,7,197,,6,0,0,0,-1,0
15,Boyd Gordon,PHX,C,Oct 19 '83,Unity,SK,CAN,72,200,R,2002,1,17,,48,4,10,14,+0,8
26,Josh Gorges,MTL,D,Aug 14 '84,Kelowna,BC,CAN,73,203,L,,,,,48,2,7,9,+4,15
5,Marc-Andre Gragnani,CAR,D,Mar 11 '87,Montreal,QC,CAN,74,201,L,2005,3,87,,1,0,0,0,+0,0
57,Derek Grant,OTT,C,Apr 20 '90,Abbotsford,BC,CAN,75,190,L,2008,4,119,Y,5,0,0,0,-1,0
52,Mike Green,WSH,D,Oct 12 '85,Calgary,AB,CAN,73,207,R,2004,1,29,,35,12,14,26,-3,20
14,Colin Greening,OTT,L,Mar 09 '86,St. John's,NL,CAN,74,217,L,2005,7,204,,47,8,11,19,+5,11
62,Eric Gryba,OTT,D,Apr 14 '88,Saskatoon,SK,CAN,76,222,R,2006,3,68,Y,33,2,4,6,-3,26
44,Erik Gudbranson,FLA,D,Jan 07 '92,Ottawa,ON,CAN,77,210,R,2010,1,3,,32,0,4,4,-22,47
32,Micheal Haley,NYR,C,Mar 30 '86,Guelph,ON,CAN,70,204,L,,,,,9,0,0,0,-1,12
24,Matt Halischuk,NSH,R,Jun 01 '88,Toronto,ON,CAN,71,187,R,2007,4,117,,36,5,6,11,+1,10
4,Taylor Hall,EDM,L,Nov 14 '91,Calgary,AB,CAN,73,195,L,2010,1,1,,45,16,34,50,+5,33
2,Dan Hamhuis,VAN,D,Dec 13 '82,Smithers,BC,CAN,73,209,L,2001,1,12,,47,4,20,24,+9,12
,Ryan Hamilton,TOR,L,Apr 15 '85,Oshawa,ON,CAN,74,230,L,,,,,10,0,2,2,+1,0
27,Dougie Hamilton,BOS,D,Jun 17 '93,Toronto,ON,CAN,77,199,R,2011,1,9,Y,42,5,11,16,+4,14
3,Travis Hamonic,NYI,D,Aug 16 '90,St. Malo,MB,CAN,73,206,R,2008,2,53,,48,3,7,10,-8,28
27,Scott Hannan,"NSH, SJS",D,Jan 23 '79,Richmond,BC,CAN,73,221,L,1997,1,23,,33,0,1,1,-14,22
44,Jay Harrison,CAR,D,Nov 03 '82,Oshawa,ON,CAN,76,211,L,2001,3,82,,47,3,7,10,-10,51
19,Scott Hartnell,PHI,L,Apr 18 '82,Regina,SK,CAN,74,210,L,2000,1,6,,32,8,3,11,-5,70
43,Darren Helm,DET,C,Jan 21 '87,Winnipeg,MB,CAN,71,192,L,2005,5,132,,1,0,0,0,+0,2
46,Kevin Henderson,NSH,L,Dec 03 '86,Toronto,ON,CAN,75,210,L,,,,,4,1,0,1,-1,0
40,Jordan Hendry,ANA,D,Feb 23 '84,Lanigan,SK,CAN,72,194,L,,,,,2,0,0,0,+0,0
14,Adam Henrique,NJD,C,Feb 06 '90,Brantford,ON,CAN,72,195,L,2008,3,82,,42,11,5,16,-3,16
14,Thomas Hickey,NYI,D,Feb 08 '89,Calgary,AB,CAN,71,190,L,2007,1,4,Y,39,1,3,4,+9,8
19,Cody Hodgson,BUF,C,Feb 18 '90,Toronto,ON,CAN,72,194,R,2008,1,10,,48,15,19,34,-4,20
68,Mike Hoffman,OTT,C,Nov 24 '89,Kitchener,ON,CAN,71,176,L,2009,5,130,Y,3,0,0,0,-1,2
,Nick Holden,CBJ,D,May 15 '87,St. Albert,AB,CAN,76,207,L,,,,Y,2,0,0,0,+1,0
74,Peter Holland,ANA,C,Jan 14 '91,Toronto,ON,CAN,74,192,L,2009,1,15,Y,21,3,2,5,+4,4
10,Shawn Horcoff,EDM,C,Sep 17 '78,Trail,BC,CAN,73,208,L,1998,4,99,,31,7,5,12,+8,24
16,Darcy Hordichuk,EDM,L,Aug 10 '80,Kamsack,SK,CAN,73,215,L,2000,6,180,,4,0,0,0,-1,2
8,Nathan Horton,BOS,R,May 29 '85,Welland,ON,CAN,74,229,R,2003,1,3,,43,13,9,22,+1,22
42,Quinton Howden,FLA,C,Jan 21 '92,Winnipeg,MB,CAN,74,189,L,2010,1,25,Y,18,0,0,0,-11,2
11,Jonathan Huberdeau,FLA,C,Jun 04 '93,Saint-Jerome,QC,CAN,73,177,L,2011,1,3,Y,48,14,17,31,-15,18
23,Kent Huskins,"DET, PHI",D,May 04 '79,Almonte,ON,CAN,76,210,L,1998,6,156,,19,0,1,1,-3,4
12,Jarome Iginla,"CGY, PIT",R,Jul 01 '77,Edmonton,AB,CAN,73,210,R,1995,1,11,,44,14,19,33,-5,31
52,Matt Irwin,SJS,D,Nov 29 '87,Brentwood Bay,BC,CAN,74,210,L,,,,Y,38,6,6,12,-1,10
5,Barret Jackman,STL,D,Mar 05 '81,Trail,BC,CAN,72,203,L,1999,1,17,,46,3,9,12,+6,39
17,Dustin Jeffrey,PIT,L,Feb 27 '88,Sarnia,ON,CAN,73,205,L,2007,6,171,,24,3,3,6,+1,2
19,Ryan Johansen,CBJ,C,Jul 31 '92,Vancouver,BC,CAN,75,203,R,2010,1,4,,40,5,7,12,-7,12
,Aaron Johnson,BOS,D,Apr 30 '83,Port Hawkesbury,NS,CAN,73,204,L,2001,3,85,,10,0,0,0,+0,10
,Nick Johnson,PHX,R,Dec 24 '85,Calgary,AB,CAN,74,200,R,2004,3,67,,17,4,2,6,+3,0
28,Ryan Jones,EDM,L,Jun 14 '84,Chatham,ON,CAN,73,201,L,2004,4,111,,27,2,5,7,+0,17
19,Blair Jones,CGY,C,Sep 27 '86,Central Butte,SK,CAN,74,216,R,2005,4,102,,15,0,1,1,-6,10
54,David Jones,COL,R,Aug 10 '84,Guelph,ON,CAN,74,210,R,2003,9,288,,33,3,6,9,-11,6
38,Derek Joslin,VAN,D,Mar 17 '87,Richmond Hill,ON,CAN,73,210,L,2005,5,149,,2,0,0,0,-2,0
55,Ed Jovanovski,FLA,D,Jun 26 '76,Windsor,ON,CAN,75,220,L,1994,1,1,,6,0,1,1,-4,0
43,Nazem Kadri,TOR,C,Oct 06 '90,London,ON,CAN,72,188,L,2009,1,7,,48,18,26,44,+15,23
9,Evander Kane,WPG,L,Aug 02 '91,Vancouver,BC,CAN,74,195,L,2009,1,4,,48,17,16,33,-3,80
9,Zack Kassian,VAN,R,Jan 24 '91,Windsor,ON,CAN,75,214,R,2009,1,13,,39,7,4,11,-7,51
28,Matt Kassian,OTT,L,Oct 28 '86,Edmonton,AB,CAN,76,232,L,2005,2,57,Y,15,1,0,1,+0,47
38,Bracken Kearns,SJS,C,May 12 '81,North Vancouver,BC,CAN,72,195,L,,,,,1,0,0,0,+0,0
2,Duncan Keith,CHI,D,Jul 16 '83,Winnipeg,MB,CAN,73,200,L,2002,2,54,,47,3,24,27,+16,31
23,Chris Kelly,BOS,C,Nov 11 '80,Toronto,ON,CAN,72,198,L,1999,3,94,,34,3,6,9,-8,16
,Tyler Kennedy,PIT,C,Jul 15 '86,Sault Ste. Marie,ON,CAN,71,183,R,2004,4,99,,46,6,5,11,-6,19
17,Alex Killorn,TBL,C,Sep 14 '89,Halifax,NS,CAN,74,205,L,2007,3,77,Y,38,7,12,19,-6,14
74,Dwight King,LAK,L,Jul 05 '89,Meadowlake,SK,CAN,76,232,L,2007,4,109,,47,4,6,10,-3,11
8,Kevin Klein,NSH,D,Dec 13 '84,Kitchener,ON,CAN,73,199,R,2003,2,37,,47,3,11,14,-1,9
36,Rob Klinkhammer,PHX,C,Aug 12 '86,Lethbridge,AB,CAN,75,214,L,,,,,22,5,6,11,+7,10
9,Mike Knuble,PHI,R,Jul 04 '72,Toronto,ON,CAN,75,229,R,1991,4,76,,28,4,4,8,-4,20
12,Chuck Kobasew,COL,R,Apr 17 '82,Vancouver,BC,CAN,72,192,R,2001,1,14,,37,5,4,9,+6,21
28,Zenon Konopka,MIN,C,Jan 02 '81,Niagara on the Lake,ON,CAN,72,213,L,,,,,37,0,0,0,-4,117
53,Michael Kostka,TOR,D,Nov 28 '85,Etobicoke,ON,CAN,73,210,R,,,,,35,0,8,8,-7,27
25,Tom Kostopoulos,NJD,R,Jan 24 '79,Missisauga,ON,CAN,72,197,R,1999,7,204,,15,1,0,1,+0,18
14,Chris Kunitz,PIT,L,Sep 26 '79,Regina,SK,CAN,72,193,L,,,,,48,22,30,52,+30,39
76,Pierre-Cedric Labrie,TBL,L,Dec 06 '86,Baie-Comeau,QC,CAN,75,234,L,,,,Y,19,2,1,3,+2,30
16,Andrew Ladd,WPG,L,Dec 12 '85,Maple Ridge,BC,CAN,75,205,L,2004,1,4,,48,18,28,46,+10,22
21,Brooks Laich,WSH,C,Jun 23 '83,Wawota,SK,CAN,74,210,L,2001,6,193,,9,1,3,4,+2,6
42,Shawn Lalonde,CHI,D,Mar 10 '90,Ottawa,ON,CAN,73,204,R,2008,3,68,Y,1,0,0,0,+1,0
40,Maxim Lapierre,VAN,C,Mar 29 '85,Saint-Léonard,QC,CAN,74,207,R,2003,2,61,,48,4,6,10,-6,45
73,Guillaume Latendresse,OTT,L,May 24 '87,Ste-Catherine,QC,CAN,74,230,L,2005,2,45,,27,6,4,10,-2,8
21,Scott Laughton,PHI,C,May 30 '94,Oakville,ON,CAN,73,177,L,2012,1,20,Y,5,0,0,0,+0,0
40,Vincent Lecavalier,TBL,C,Apr 21 '80,Ile Bizard,QC,CAN,76,215,L,1998,1,1,,39,10,22,32,-5,29
58,Kris Letang,PIT,D,Apr 24 '87,Montreal,QC,CAN,72,201,R,2005,3,62,,35,5,33,38,+16,8
55,Mark Letestu,CBJ,C,Feb 04 '85,Elk Point,AB,CAN,71,195,R,,,,,46,13,14,27,+7,10
18,Bryan Little,WPG,C,Nov 12 '87,Edmonton,AB,CAN,71,185,R,2006,1,12,,48,7,25,32,+8,4
19,Matthew Lombardi,"PHX, ANA",C,Mar 18 '82,Montreal,QC,CAN,71,195,L,2002,3,90,,28,4,4,8,-2,8
17,Milan Lucic,BOS,L,Jun 07 '88,Vancouver,BC,CAN,76,220,L,2006,2,50,,46,7,20,27,+8,75
19,Joffrey Lupul,TOR,L,Sep 23 '83,Fort Saskatchewan,AB,CAN,73,206,R,2002,1,7,,16,11,7,18,+8,12
16,Clarke MacArthur,TOR,L,Apr 06 '85,Lloydminster,AB,CAN,72,191,L,2003,3,74,,40,8,12,20,+3,26
47,Andrew MacDonald,NYI,D,Sep 07 '86,Judique,NS,CAN,72,185,L,2006,6,160,,48,3,9,12,-2,20
33,Steve MacIntyre,PIT,L,Aug 08 '80,Brock,SK,CAN,77,250,L,,,,,1,0,0,0,+0,12
24,Derek MacKenzie,CBJ,C,Jun 11 '81,Sudbury,ON,CAN,71,180,L,1999,5,128,,43,3,5,8,+1,36
27,Manny Malhotra,VAN,C,May 18 '80,Missisauga,ON,CAN,74,220,L,1998,1,7,,9,0,0,0,-3,0
42,Brad Malone,COL,C,May 20 '89,Miramichi,NB,CAN,74,207,L,2007,4,105,Y,13,1,1,2,-7,16
32,Brandon Manning,PHI,D,Jun 04 '90,Prince George,BC,CAN,73,195,L,,,,Y,6,0,2,2,+4,0
63,Brad Marchand,BOS,L,May 11 '88,Halifax,NS,CAN,69,183,L,2006,3,71,,45,18,18,36,+23,27
12,Patrick Marleau,SJS,L,Sep 15 '79,Aneroid,SK,CAN,74,220,L,1997,1,2,,48,17,14,31,-2,24
17,Matt Martin,NYI,L,May 08 '89,Windsor,ON,CAN,75,206,L,2008,5,148,,48,4,7,11,-2,63
40,Brandon Mashinter,NYR,L,Sep 20 '88,Bradford,ON,CAN,76,220,L,,,,Y,4,0,0,0,-2,0
18,Shawn Matthias,FLA,C,Feb 19 '88,Missisauga,ON,CAN,76,220,L,2006,2,47,,48,14,7,21,-8,16
22,Jamal Mayers,CHI,R,Oct 24 '74,Toronto,ON,CAN,73,222,R,1993,4,89,,19,0,2,2,+2,16
11,Jay McClement,TOR,C,Mar 02 '83,Kingston,ON,CAN,73,205,L,2001,2,57,,48,8,9,17,+0,11
8,Cody McCormick,BUF,C,Apr 18 '83,London,ON,CAN,75,221,R,2001,5,144,,8,0,0,0,-2,10
10,Andy McDonald,STL,L,Aug 25 '77,Strathroy,ON,CAN,70,175,L,,,,,37,7,14,21,-2,16
11,Jamie McGinn,COL,L,Aug 05 '88,Fergus,ON,CAN,73,210,L,2006,2,36,,47,11,11,22,-13,26
15,Tye McGinn,PHI,L,Jul 29 '90,Fergus,ON,CAN,74,205,L,2010,4,119,Y,18,3,2,5,+0,19
16,Brian McGrattan,"NSH, CGY",R,Sep 02 '81,Hamilton,ON,CAN,76,235,R,1999,4,104,,21,3,0,3,-4,49
38,Frazer McLaren,"SJS, TOR",L,Oct 29 '87,Winnipeg,MB,CAN,77,230,L,2007,7,203,,36,3,2,5,+0,102
55,Cody McLeod,COL,L,Jun 26 '84,Binscarth,MB,CAN,74,210,L,,,,,48,8,4,12,+4,83
,Brandon McMillan,ANA,C,Mar 22 '90,Richmond,BC,CAN,71,190,L,2008,3,85,,6,0,1,1,-1,2
54,Adam McQuaid,BOS,D,Oct 12 '86,Charlottetown,PE,CAN,76,197,R,2005,2,55,,32,1,3,4,+0,60
7,Derek Meech,WPG,D,Apr 21 '84,Winnipeg,MB,CAN,71,200,L,2002,7,229,,16,0,1,1,+0,2
3,Marc Methot,OTT,D,Jun 21 '85,Ottawa,ON,CAN,75,231,L,2003,6,168,,47,2,9,11,+2,31
29,Brendan Mikkelson,TBL,D,Jun 22 '87,Regina,SK,CAN,75,210,L,2005,2,31,,4,0,1,1,+1,6
7,John Mitchell,COL,C,Jan 22 '85,Oakville,ON,CAN,73,204,L,2003,5,158,,47,10,10,20,+5,18
17,Torrey Mitchell,MIN,C,Jan 30 '85,Greenfield Park,QC,CAN,71,190,R,2004,4,126,,45,4,4,8,-8,21
32,Travis Moen,MTL,L,Apr 06 '82,Stewart Valley,SK,CAN,74,218,L,2000,5,155,,45,2,4,6,-4,32
53,Derek Morris,PHX,D,Aug 24 '78,Edmonton,AB,CAN,72,200,R,1996,1,13,,39,0,11,11,-6,36
10,Brenden Morrow,"DAL, PIT",L,Jan 16 '79,Carlyle,SK,CAN,72,205,L,1997,1,25,,44,12,13,25,-3,37
26,Matt Moulson,NYI,L,Nov 01 '83,North York,ON,CAN,72,205,L,2003,9,263,,47,15,29,44,-3,4
7,Ryan Murphy,CAR,D,Mar 31 '93,Aurora,ON,CAN,71,176,R,2011,1,12,Y,4,0,0,0,-4,2
23,Andrew Murray,STL,C,Nov 06 '81,Selkirk,MB,CAN,74,210,L,2001,8,242,,1,0,0,0,+0,0
6,Jake Muzzin,LAK,D,Feb 21 '89,Woodstock,ON,CAN,75,215,L,2007,5,141,Y,45,7,9,16,+16,35
61,Rick Nash,NYR,L,Jun 16 '84,Brampton,ON,CAN,76,213,L,2002,1,1,,44,21,21,42,+16,26
20,Riley Nash,CAR,C,May 09 '89,Consort,AB,CAN,73,191,R,2007,1,21,Y,32,4,5,9,-4,8
18,James Neal,PIT,L,Sep 03 '87,Whitby,ON,CAN,74,208,L,2005,2,33,,40,21,15,36,+5,26
25,Chris Neil,OTT,R,Jun 18 '79,Flesherton,ON,CAN,73,215,R,1998,6,161,,48,4,8,12,+0,144
45,Kris Newbury,NYR,C,Feb 19 '82,Brampton,ON,CAN,71,205,L,2002,5,139,,6,0,1,1,+1,9
12,Scott Nichol,STL,C,Dec 31 '74,Edmonton,AB,CAN,68,179,R,1993,11,272,,30,1,0,1,-2,25
71,Jordan Nolan,LAK,C,Jun 23 '89,St. Catherines,ON,CAN,75,225,L,2009,7,186,,44,2,4,6,-5,46
93,Ryan Nugent-Hopkins,EDM,C,Apr 12 '93,Burnaby,BC,CAN,73,185,L,2011,1,1,,40,4,20,24,+3,8
5,Shane O'Brien,COL,D,Aug 09 '83,Port Hope,ON,CAN,75,230,L,2003,8,250,,28,0,4,4,+0,60
23,Ryan O'Byrne,"COL, TOR",D,Jul 19 '84,Victoria,BC,CAN,77,234,R,2003,3,79,,42,2,4,6,-4,60
90,Ryan O'Reilly,COL,C,Feb 07 '91,Clinton,ON,CAN,72,200,L,2009,2,33,,29,6,14,20,-3,4
43,Jamie Oleksiak,DAL,D,Dec 21 '92,Toronto,ON,CAN,79,242,L,2011,1,14,Y,16,0,2,2,-5,14
40,Mark Olver,COL,C,Jan 01 '88,Burnaby,BC,CAN,70,170,L,2008,5,140,,32,4,2,6,-5,6
28,Colton Orr,TOR,R,Mar 03 '82,Winnipeg,MB,CAN,75,222,R,,,,,44,1,3,4,+4,155
9,Steve Ott,BUF,C,Aug 19 '82,Summerside,PE,CAN,72,190,L,2000,1,25,,48,9,15,24,+3,93
44,Jean-Gabriel Pageau,OTT,C,Nov 11 '92,Ottawa,ON,CAN,69,163,R,2011,4,96,Y,9,2,2,4,+3,0
20,Daniel Paille,BOS,L,Apr 15 '84,Welland,ON,CAN,72,200,L,2002,1,20,,46,10,7,17,+3,8
27,Adam Pardy,BUF,D,Mar 29 '84,Bonavista,NL,CAN,76,220,L,2004,6,173,,17,0,4,4,+4,14
15,PA Parenteau,COL,R,Mar 24 '83,Hull,QC,CAN,72,193,R,2001,9,264,,48,18,25,43,-11,38
24,Theo Peckham,EDM,D,Nov 10 '87,Richmond Hill,ON,CAN,74,246,L,2006,3,75,,4,0,0,0,-1,6
42,Matt Pelech,SJS,R,Sep 04 '87,Toronto,ON,CAN,76,235,R,2005,1,26,Y,2,0,0,0,+0,7
14,Anthony Peluso,WPG,R,Apr 18 '89,North York,ON,CAN,75,235,R,2007,6,160,Y,5,0,2,2,+1,14
25,Dustin Penner,LAK,L,Sep 28 '82,Winkler,MB,CAN,77,245,L,,,,,33,2,12,14,-2,18
85,Mathieu Perreault,WSH,C,Jan 05 '88,Drummondville,QC,CAN,70,185,L,2006,6,177,,39,6,11,17,+7,20
57,David Perron,STL,L,May 28 '88,Sherbrooke,QC,CAN,72,205,R,2007,1,26,,48,10,15,25,+0,44
10,Corey Perry,ANA,R,May 16 '85,Peterborough,ON,CAN,75,210,R,2003,1,28,,44,15,21,36,+10,72
72,Alex Petrovic,FLA,D,Mar 03 '92,Edmonton,AB,CAN,76,206,R,2010,2,36,Y,6,0,0,0,-8,25
,Rich Peverley,BOS,C,Jul 08 '82,Kingston,ON,CAN,72,195,R,,,,,47,6,12,18,-9,16
3,Dion Phaneuf,TOR,D,Apr 10 '85,Edmonton,AB,CAN,75,214,L,2003,1,9,,48,9,19,28,-4,65
4,Chris Phillips,OTT,D,Mar 09 '78,Calgary,AB,CAN,75,221,L,1996,1,1,,48,5,9,14,-5,43
27,Alex Pietrangelo,STL,D,Jan 18 '90,King City,ON,CAN,75,201,R,2008,1,4,,47,5,19,24,+0,10
13,Steven Pinizzotto,VAN,R,Apr 26 '84,Missisauga,ON,CAN,73,200,R,,,,,12,0,0,0,-6,29
37,Brandon Pirri,CHI,C,Apr 10 '91,Toronto,ON,CAN,72,183,L,2009,2,59,Y,1,0,0,0,+0,0
29,Jason Pominville,"BUF, MIN",R,Nov 30 '82,Repentigny,QC,CAN,72,185,R,2001,2,55,,47,14,20,34,+1,8
32,Chris Porter,STL,L,May 29 '84,Toronto,ON,CAN,73,206,L,2003,9,282,,29,2,6,8,+5,0
4,Paul Postma,WPG,D,Feb 22 '89,Red Deer,AB,CAN,75,195,R,2007,7,205,Y,34,4,5,9,-5,6
,Benoit Pouliot,TBL,L,Sep 29 '86,Alfred,ON,CAN,75,197,L,2005,1,4,,34,8,12,20,+8,15
8,Darroll Powe,"MIN, NYR",C,Jun 22 '85,Saskatoon,SK,CAN,71,212,L,,,,,42,0,0,0,-1,27
47,Dalton Prout,CBJ,D,Mar 13 '90,Kingsville,ON,CAN,75,219,R,2010,6,154,Y,28,1,6,7,+15,25
8,Brandon Prust,MTL,L,Mar 16 '84,London,ON,CAN,74,195,L,2004,3,70,,38,5,9,14,+11,110
16,Teddy Purcell,TBL,R,Sep 08 '85,St. John's,NL,CAN,75,203,R,,,,,48,11,25,36,-1,12
14,Taylor Pyatt,NYR,L,Aug 19 '81,Thunder Bay,ON,CAN,76,230,L,1999,1,8,,48,6,5,11,+5,6
11,Tom Pyatt,TBL,C,Feb 14 '87,Thunder Bay,ON,CAN,71,188,L,2005,4,107,,43,8,8,16,+5,12
53,Mark Pysyk,BUF,D,Jan 11 '92,Sherwood Park,AB,CAN,73,193,R,2010,1,23,Y,19,1,4,5,-7,0
27,Kyle Quincey,DET,D,Aug 12 '85,Kitchener,ON,CAN,74,207,L,2003,4,132,,36,1,2,3,+7,18
21,Mason Raymond,VAN,L,Sep 17 '85,Cochrane,AB,CAN,72,185,L,2005,2,51,,46,10,12,22,+2,16
24,Matt Read,PHI,R,Jun 14 '86,Ilderton,ON,CAN,70,185,R,,,,,42,11,13,24,+1,2
75,Ryan Reaves,STL,R,Jan 20 '87,Winnipeg,MB,CAN,73,224,R,2005,5,156,,43,4,2,6,+3,79
6,Wade Redden,"STL, BOS",D,Jun 12 '77,Lloydminster,SK,CAN,74,205,L,1995,1,2,,29,3,4,7,-2,11
59,Maxwell Reinhart,CGY,C,Feb 04 '92,West Vancouver,BC,CAN,73,180,L,2010,3,64,Y,11,1,2,3,-3,4
63,Mike Ribeiro,WSH,C,Feb 10 '80,Montreal,QC,CAN,72,177,L,1998,2,45,,48,13,36,49,-4,53
10,Mike Richards,LAK,C,Feb 11 '85,Kenora,ON,CAN,71,200,L,2003,1,24,,48,12,20,32,-8,42
19,Brad Richards,NYR,C,May 02 '80,Murray Harbour,PE,CAN,72,196,L,1998,3,64,,46,11,23,34,+8,14
15,Brad Richardson,LAK,C,Feb 04 '85,Belleville,ON,CAN,72,197,L,2003,5,163,,16,1,5,6,+2,10
36,Zac Rinaldo,PHI,C,Jun 15 '90,Missisauga,ON,CAN,71,169,L,2008,6,178,,32,3,2,5,-7,85
47,Colby Robak,FLA,D,Apr 24 '90,Dauphin,MB,CAN,75,194,L,2008,2,46,Y,16,0,1,1,-1,17
3,Stephane Robidas,DAL,D,Mar 03 '77,Sherbrooke,QC,CAN,71,196,R,1995,7,164,,48,1,12,13,+2,56
27,Aaron Rome,DAL,D,Sep 27 '83,Nesbitt,MB,CAN,73,218,L,2002,4,104,,27,0,5,5,-2,18
37,Jay Rosehill,PHI,L,Jul 16 '85,Olds,AB,CAN,75,215,L,2003,7,227,,11,1,0,1,-4,64
15,Derek Roy,"DAL, VAN",C,May 04 '83,Ottawa,ON,CAN,69,184,L,2001,2,32,,42,7,21,28,+4,6
7,Mathieu Roy,TBL,D,Aug 10 '83,St. Georges,QC,CAN,74,210,R,2003,7,215,,1,0,0,0,-1,0
4,Kris Russell,STL,D,May 02 '87,Caroline,AB,CAN,70,173,L,2005,3,67,,33,1,6,7,+6,9
73,Michael Ryder,"DAL, MTL",R,Mar 31 '80,Bonavista,NL,CAN,72,198,R,1998,8,216,,46,16,19,35,+2,16
24,Bryce Salvador,NJD,D,Feb 11 '76,Brandon,MB,CAN,75,215,L,1994,6,138,,39,0,2,2,-12,22
15,Mike Santorelli,"FLA, WPG",C,Dec 14 '85,Vancouver,BC,CAN,72,189,R,2004,6,178,,34,2,2,4,-12,2
,Cory Sarich,CGY,D,Aug 16 '78,Saskatoon,SK,CAN,76,207,R,1996,2,27,,28,0,2,2,-8,16
58,David Savard,CBJ,D,Oct 22 '90,St. Hyacinthe,QC,CAN,74,219,R,2009,4,94,,4,0,0,0,-3,0
6,Marco Scandella,MIN,D,Feb 23 '90,Montreal,QC,CAN,75,210,L,2008,2,55,,6,1,0,1,-1,4
22,Colton Sceviour,DAL,C,Apr 20 '89,Red Deer,AB,CAN,72,196,R,2007,4,112,Y,1,0,1,1,-1,0
55,Mark Scheifele,WPG,C,Mar 15 '93,Kitchener,ON,CAN,74,184,R,2011,1,7,Y,4,0,0,0,+0,0
10,Brayden Schenn,PHI,C,Aug 22 '91,Saskatoon,SK,CAN,73,190,L,2009,1,5,,47,8,18,26,-8,24
22,Luke Schenn,PHI,D,Nov 02 '89,Saskatoon,SK,CAN,74,229,R,2008,1,5,,47,3,8,11,+3,34
6,David Schlemko,PHX,D,May 07 '87,Edmonton,AB,CAN,73,190,L,,,,,30,1,5,6,+8,12
19,Justin Schultz,EDM,D,Jul 06 '90,Kelowna,BC,CAN,74,185,R,2008,2,43,Y,48,8,19,27,-17,8
15,Nick Schultz,EDM,D,Aug 25 '82,Strasbourg,SK,CAN,74,203,L,2000,2,33,,48,1,8,9,-13,24
55,Jeff Schultz,WSH,D,Feb 25 '86,Calgary,AB,CAN,78,230,L,2004,1,27,,26,0,3,3,-6,12
9,Jaden Schwartz,STL,L,Jun 25 '92,Melfort,SK,CAN,70,190,L,2010,1,14,Y,45,7,6,13,-4,4
32,John Scott,BUF,L,Sep 26 '82,Edmonton,AB,CAN,80,270,L,,,,,34,0,0,0,-1,69
7,Brent Seabrook,CHI,D,Apr 20 '85,Richmond,BC,CAN,75,221,R,2003,1,14,,47,8,12,20,+12,23
42,Brandon Segal,NYR,R,Jul 12 '83,Richmond,BC,CAN,74,215,R,2002,4,102,,1,0,0,0,+0,2
91,Tyler Seguin,BOS,C,Jan 31 '92,Brampton,ON,CAN,73,182,R,2010,1,2,,48,16,16,32,+23,16
76,Eric Selleck,FLA,L,Oct 20 '87,Brockville,ON,CAN,74,208,L,,,,Y,2,0,1,1,+2,17
10,Devin Setoguchi,MIN,R,Jan 01 '87,Taber,AB,CAN,72,205,R,2005,1,8,,48,13,14,27,+5,20
43,Michael Sgarbossa,COL,C,Jul 25 '92,Campbellville,ON,CAN,71,175,L,,,,Y,6,0,0,0,-3,4
10,Patrick Sharp,CHI,L,Dec 27 '81,Winnipeg,MB,CAN,73,199,R,2001,3,95,,28,6,14,20,+8,14
65,Andrew Shaw,CHI,C,Jul 20 '91,Belleville,ON,CAN,70,180,R,2011,5,139,,48,9,6,15,+6,38
15,Riley Sheahan,DET,C,Dec 07 '91,St. Catherines,ON,CAN,74,212,L,2010,1,21,Y,1,0,0,0,+0,0
45,Jody Shelley,PHI,L,Feb 07 '76,Thompson,MB,CAN,75,230,L,,,,,1,0,0,0,+0,0
15,James Sheppard,SJS,C,Apr 25 '88,Halifax,NS,CAN,73,205,L,2006,1,9,,32,1,3,4,-9,12
17,Wayne Simmonds,PHI,R,Aug 26 '88,Scarborough,ON,CAN,74,183,R,2007,2,61,,45,15,17,32,-7,82
53,Jeff Skinner,CAR,L,May 16 '92,Toronto,ON,CAN,71,200,L,2010,1,7,,42,13,11,24,-21,26
15,Zack Smith,OTT,C,Apr 05 '88,Maple Creek,SK,CAN,74,212,L,2008,3,79,,48,4,11,15,-9,56
27,Derek Smith,CGY,D,Oct 13 '84,Belleville,ON,CAN,73,197,L,,,,,22,0,1,1,-5,10
2,Brendan Smith,DET,D,Feb 08 '89,Toronto,ON,CAN,74,198,L,2007,1,27,Y,34,0,8,8,+1,36
,Trevor Smith,PIT,C,Feb 08 '85,Ottawa,ON,CAN,73,195,L,,,,,1,0,0,0,+0,0
,Reilly Smith,DAL,R,Apr 01 '91,Toronto,ON,CAN,72,185,L,2009,3,69,Y,37,3,6,9,+0,8
77,Devante Smith-Pelly,ANA,R,Jun 14 '92,Scarborough,ON,CAN,72,225,R,2010,2,42,,7,0,0,0,-4,0
52,Jerred Smithson,"FLA, EDM",C,Feb 04 '79,Vernon,BC,CAN,75,209,R,,,,,45,3,3,6,-4,12
94,Ryan Smyth,EDM,L,Feb 21 '76,Banff,AB,CAN,74,192,L,1994,1,6,,47,2,11,13,-5,40
44,Sheldon Souray,ANA,D,Jul 13 '76,Elk Point,AB,CAN,76,237,L,1994,3,71,,44,7,10,17,+19,52
13,Nick Spaling,NSH,L,Sep 19 '88,Palmerston,ON,CAN,73,201,L,2007,2,58,,47,9,4,13,-10,18
19,Jason Spezza,OTT,C,Jun 13 '83,Toronto,ON,CAN,75,215,R,2001,1,2,,5,2,3,5,+3,2
51,Ryan Spooner,BOS,C,Jan 30 '92,Ottawa,ON,CAN,70,180,L,2010,2,45,Y,4,0,0,0,+0,0
46,Jared Spurgeon,MIN,D,Nov 29 '89,Edmonton,AB,CAN,69,185,R,2008,6,156,,39,5,10,15,+1,4
26,Martin St Louis,TBL,R,Jun 18 '75,Laval,QC,CAN,68,180,L,,,,,48,17,43,60,+0,14
13,Jared Staal,CAR,R,Aug 21 '90,Thunder Bay,ON,CAN,76,200,R,2008,2,49,Y,2,0,0,0,-2,2
11,Jordan Staal,CAR,C,Sep 10 '88,Thunder Bay,ON,CAN,76,220,L,2006,1,2,,48,10,21,31,-18,32
18,Marc Staal,NYR,D,Jan 13 '87,Thunder Bay,ON,CAN,76,207,L,2005,1,12,,21,2,9,11,+4,14
12,Eric Staal,CAR,C,Oct 29 '84,Thunder Bay,ON,CAN,76,205,L,2003,1,2,,48,18,35,53,+5,54
18,Matt Stajan,CGY,C,Dec 19 '83,Missisauga,ON,CAN,73,192,L,2002,2,57,,43,5,18,23,+7,26
91,Steven Stamkos,TBL,C,Feb 07 '90,Markham,ON,CAN,72,190,R,2008,1,1,,48,29,28,57,-4,32
55,Ryan Stanton,CHI,D,Jul 20 '89,St. Albert,AB,CAN,74,196,L,,,,Y,1,0,0,0,+1,2
26,Paul Stastny,COL,C,Dec 27 '85,Quebec City,QC,CAN,72,205,L,2005,2,44,,40,9,15,24,-7,14
25,Brad Staubitz,ANA,R,Jul 28 '84,Edmonton,AB,CAN,73,203,R,,,,,15,1,1,2,+0,41
20,Alexander Steen,STL,L,Mar 01 '84,Winnipeg,MB,CAN,71,212,L,2002,1,24,,40,8,19,27,+5,14
25,Chris Stewart,STL,R,Oct 30 '87,Toronto,ON,CAN,74,231,R,2006,1,18,,48,18,18,36,+0,40
28,Jarret Stoll,LAK,C,Jun 24 '82,Melville,SK,CAN,73,212,R,2002,2,36,,48,7,11,18,+1,28
16,Mark Stone,OTT,R,May 13 '92,Winnipeg,MB,CAN,74,188,R,2010,6,178,Y,4,0,0,0,-1,2
29,Michael Stone,PHX,D,Jun 07 '90,Winnipeg,MB,CAN,75,210,R,2008,3,69,Y,40,5,4,9,+2,16
4,Clayton Stoner,MIN,D,Feb 19 '85,Port McNeill,BC,CAN,75,213,L,2004,3,79,,48,0,10,10,+0,42
23,Tyson Strachan,FLA,D,Oct 30 '84,Melfort,SK,CAN,75,215,R,2003,5,137,,38,0,4,4,-13,40
38,Ben Street,CGY,C,Feb 13 '87,Coquitlam,BC,CAN,71,185,L,,,,Y,6,0,1,1,-1,0
7,Brad Stuart,SJS,D,Nov 06 '79,Rocky Mountain House,AB,CAN,74,215,L,1998,1,3,,48,0,6,6,+4,25
76,P.K. Subban,MTL,D,May 13 '89,Toronto,ON,CAN,72,216,R,2007,2,43,,42,11,27,38,+12,57
15,Steve Sullivan,"PHX, NJD",L,Jul 06 '74,Timmins,ON,CAN,69,165,R,1994,9,233,,42,7,10,17,-12,24
42,Brett Sutter,CAR,L,Jun 02 '87,Viking,AB,CAN,72,200,L,2005,6,179,,3,0,0,0,-1,4
25,Maxime Talbot,PHI,C,Feb 11 '84,Lemoyne,QC,CAN,71,190,L,2002,8,234,,35,5,5,10,+2,23
8,Christopher Tanev,VAN,D,Dec 20 '89,Toronto,ON,CAN,74,185,R,,,,,38,2,5,7,+4,10
,Alex Tanguay,CGY,L,Nov 21 '79,Ste-Justine,QC,CAN,72,194,L,1998,1,12,,40,11,16,27,-13,22
68,Jamie Tardif,BOS,R,Jan 23 '85,Welland,ON,CAN,72,205,R,2003,4,112,,2,0,0,0,+0,0
91,John Tavares,NYI,C,Sep 20 '90,Missisauga,ON,CAN,72,199,L,2009,1,1,,48,28,19,47,-2,18
58,Chris Terry,CAR,L,Apr 07 '89,Brampton,ON,CAN,70,195,L,2007,5,132,Y,3,1,0,1,+0,0
,Christian Thomas,NYR,L,May 26 '92,Toronto,ON,CAN,69,170,R,2010,2,40,Y,1,0,0,0,+0,0
22,Chris Thorburn,WPG,R,Jun 03 '83,Sault Ste. Marie,ON,CAN,75,230,R,2001,2,50,,42,2,2,4,-5,70
19,Joe Thornton,SJS,C,Jul 02 '79,London,ON,CAN,76,225,L,1997,1,1,,48,7,33,40,+6,26
22,Shawn Thornton,BOS,L,Jul 23 '77,Oshawa,ON,CAN,74,217,R,1997,7,190,,45,3,4,7,+1,60
75,Scott Timmins,FLA,C,Sep 11 '89,Hamilton,ON,CAN,71,191,L,2009,6,165,Y,5,0,0,0,-2,4
19,Jonathan Toews,CHI,C,Apr 29 '88,Winnipeg,MB,CAN,74,208,L,2006,1,3,,47,23,25,48,+28,27
73,Tyler Toffoli,LAK,C,Apr 24 '92,Toronto,ON,CAN,73,187,R,2010,2,47,Y,10,2,3,5,+3,2
22,Jordin Tootoo,DET,R,Feb 02 '83,Churchill,MB,CAN,69,199,R,2001,4,98,,42,3,5,8,+0,78
13,Raffi Torres,"PHX, SJS",L,Oct 08 '81,Toronto,ON,CAN,72,210,L,2000,1,5,,39,7,11,18,+0,17
7,Kyle Turris,OTT,C,Aug 14 '89,New Westminster,BC,CAN,73,193,R,2007,1,3,,48,12,17,29,+6,24
42,Dana Tyrell,TBL,C,Apr 23 '89,Airdrie,AB,CAN,70,192,L,2007,2,47,,21,1,3,4,-3,4
19,Scottie Upshall,FLA,L,Oct 07 '83,Fort McMurray,AB,CAN,72,200,L,2002,1,6,,27,4,1,5,-8,25
14,David Van Der Gulik,COL,L,Apr 20 '83,Abbotsford,BC,CAN,70,173,L,2002,7,206,,9,0,2,2,+2,6
50,Antoine Vermette,PHX,C,Jul 20 '82,St. Agapit,QC,CAN,73,198,L,2000,2,55,,48,13,8,21,-3,36
32,Kris Versteeg,FLA,R,May 13 '86,Lethbridge,AB,CAN,71,183,R,2004,5,134,,10,2,2,4,-8,8
44,Marc-Edouard Vlasic,SJS,D,Mar 30 '87,Montreal,QC,CAN,73,205,L,2005,2,35,,48,3,4,7,+5,29
24,Aaron Volpatti,"VAN, WSH",L,May 30 '85,Revelstoke,BC,CAN,72,215,L,,,,,33,1,1,2,-2,35
42,Joel Ward,WSH,R,Dec 02 '80,North York,ON,CAN,73,226,R,,,,,39,8,12,20,+7,12
48,Francis Wathier,DAL,L,Dec 07 '84,St. Isidore,ON,CAN,76,218,L,2003,6,185,,1,0,0,0,+0,0
43,Mike Weaver,FLA,D,May 02 '78,Bramalea,ON,CAN,70,180,R,,,,,27,1,8,9,-3,8
6,Shea Weber,NSH,D,Aug 14 '85,Sicamous,BC,CAN,76,233,R,2003,2,49,,48,9,19,28,-2,48
32,Dale Weise,VAN,R,Aug 05 '88,Winnipeg,MB,CAN,74,210,R,2008,4,111,,40,3,3,6,-7,43
9,Stephen Weiss,FLA,C,Apr 03 '83,Toronto,ON,CAN,71,190,L,2001,1,4,,17,1,3,4,-13,25
13,Kyle Wellwood,WPG,C,May 16 '83,Windsor,ON,CAN,70,181,R,2001,5,134,,39,6,9,15,+0,2
11,Eric Wellwood,PHI,L,Mar 06 '90,Windsor,ON,CAN,71,180,L,2009,6,172,Y,4,0,0,0,+0,0
23,Jeremy Welsh,CAR,C,Apr 30 '88,Bayfield,ON,CAN,75,200,L,,,,Y,5,0,1,1,+1,0
8,Kevin Westgarth,CAR,R,Feb 07 '84,Amherstburg,ON,CAN,76,234,R,,,,,31,2,2,4,+1,45
18,Ian White,DET,D,Jun 04 '84,Steinbach,MB,CAN,70,191,R,2002,6,191,,25,2,2,4,+5,4
53,Ryan White,MTL,C,Mar 17 '88,Brandon,MB,CAN,72,194,R,2006,3,66,,26,1,0,1,+1,67
13,Ray Whitney,DAL,L,May 08 '72,Fort Saskatchewan,AB,CAN,70,180,R,1991,2,23,,32,11,18,29,+1,4
26,Dennis Wideman,CGY,D,Mar 20 '83,Kitchener,ON,CAN,72,200,R,2002,8,241,,46,6,16,22,-9,12
46,Patrick Wiercioch,OTT,D,Sep 12 '90,Burnaby,BC,CAN,77,205,L,2008,2,42,Y,42,5,14,19,+9,39
14,Justin Williams,LAK,R,Oct 04 '81,Cobourg,ON,CAN,73,188,R,2000,1,28,,48,11,22,33,+15,22
44,Ryan Wilson,COL,D,Feb 03 '87,Windsor,ON,CAN,73,207,L,,,,,12,0,3,3,+4,8
34,Daniel Winnik,ANA,C,Mar 06 '85,Toronto,ON,CAN,74,213,R,2004,9,265,,48,6,13,19,+13,16
17,James Wright,WPG,C,Mar 24 '90,Saskatoon,SK,CAN,76,200,L,2008,4,117,,38,2,3,5,-5,31
18,Brandon Yip,NSH,R,Apr 25 '85,Vancouver,BC,CAN,73,198,R,2004,8,239,,34,3,5,8,-3,26
,Nolan Yonkman,FLA,D,Apr 01 '81,Punnichy,SK,CAN,78,253,R,1999,2,37,,7,0,0,0,-1,11
19,Travis Zajac,NJD,C,May 13 '85,Winnipeg,MB,CAN,75,205,R,2004,1,20,,48,7,13,20,-5,22
4,Greg Zanon,COL,D,Jun 05 '80,Burnaby,BC,CAN,71,201,L,2000,5,156,,44,0,6,6,-16,28
,Harry Zolnierczyk,PHI,L,Sep 01 '87,Toronto,ON,CAN,71,175,L,,,,,7,0,1,1,+0,36
47,Sven Baertschi,CGY,L,Oct 05 '92,Bern,,CHE,70,181,L,2011,1,13,Y,20,3,7,10,+0,6
24,Damien Brunner,DET,C,Mar 09 '86,Zürich,,CHE,71,184,R,,,,,44,12,14,26,-6,12
61,Raphael Diaz,MTL,D,Jan 09 '86,Baar,,CHE,71,197,R,,,,,23,1,13,14,+4,6
59,Roman Josi,NSH,D,Jun 01 '90,Bern,,CHE,73,192,L,2008,2,38,,48,5,13,18,-7,8
32,Mark Streit,NYI,D,Dec 11 '77,Bern,,CHE,71,191,L,2004,9,262,,48,6,21,27,-14,22
68,Yannick Weber,MTL,D,Sep 23 '88,Morges,,CHE,71,200,R,2007,3,73,,6,0,2,2,-1,2
10,Roman Cervenka,CGY,C,Dec 10 '85,Praha,,CZE,71,201,L,,,,,39,9,8,17,-13,14
18,Radek Dvorak,ANA,R,Mar 09 '77,Tabor,,CZE,74,195,R,1995,1,10,,9,4,0,4,+2,2
26,Patrik Elias,NJD,L,Apr 13 '76,Trebic,,CZE,73,195,L,1994,2,51,,48,14,22,36,+5,22
10,Martin Erat,"NSH, WSH",R,Aug 29 '81,Trebic,,CZE,72,196,L,1999,7,191,,45,5,19,24,-7,30
14,Tomas Fleischmann,FLA,L,May 16 '84,Koprivnice,,CZE,73,192,L,2002,2,63,,48,12,23,35,-10,16
67,Michael Frolik,CHI,R,Feb 17 '88,Kladno,,CZE,73,198,L,2006,1,10,,45,3,7,10,+5,8
75,Radko Gudas,TBL,D,Jun 05 '90,Prague,,CZE,72,204,R,2010,3,66,Y,22,2,3,5,+3,38
40,Roman Hamrlik,"WSH, NYR",D,Apr 12 '74,Zlin,,CZE,74,206,L,1992,1,1,,16,0,1,1,-4,8
11,Martin Hanzal,PHX,C,Feb 20 '87,Pisek,,CZE,78,236,L,2005,1,17,,39,11,12,23,+2,24
9,Martin Havlat,SJS,R,Apr 19 '81,Mlada Boleslav,,CZE,74,210,L,1999,1,26,,40,8,10,18,+7,30
8,Jan Hejda,COL,D,Jun 18 '78,Prague,,CZE,76,237,L,2003,4,106,,46,1,9,10,-3,28
23,Milan Hejduk,COL,R,Feb 14 '76,Usti,,CZE,72,190,R,1994,4,87,,29,4,7,11,-7,0
83,Ales Hemsky,EDM,R,Aug 13 '83,Pardubice,,CZE,72,184,R,2001,1,13,,38,9,11,20,-6,16
51,Roman Horak,CGY,C,May 21 '91,Ceské Budejovice,,CZE,72,170,L,2009,5,127,,20,2,5,7,-5,2
24,Jiri Hudler,CGY,C,Jan 04 '84,Olomouc,,CZE,70,186,L,2002,2,58,,42,10,17,27,-13,22
68,Jaromir Jagr,"DAL, BOS",R,Feb 15 '72,Kladno,,CZE,75,240,L,1990,1,5,,45,16,19,35,-2,22
47,Michal Jordan,CAR,D,Jul 17 '90,Zlin,,CZE,73,195,L,2008,4,105,Y,5,0,0,0,-2,2
22,Tomas Kaberle,MTL,D,Mar 02 '78,Rakovnik,,CZE,73,212,L,1996,8,204,,10,0,3,3,+4,0
4,Jakub Kindl,DET,D,Feb 10 '87,Sumperk,,CZE,75,216,L,2005,1,19,,41,4,9,13,+15,28
16,Rostislav Klesla,PHX,D,Mar 21 '82,Novy Jicin,,CZE,75,223,L,2000,1,4,,38,2,6,8,+0,22
46,David Krejci,BOS,C,Apr 28 '86,Sternberk,,CZE,72,188,R,2004,2,63,,47,10,23,33,+1,20
17,Filip Kuba,FLA,D,Dec 29 '76,Ostrava,,CZE,76,225,L,1995,8,192,,44,1,9,10,-18,24
36,Tomas Kundratek,WSH,D,Dec 26 '89,Prerov,,CZE,74,201,R,2008,3,90,Y,25,1,6,7,-5,8
4,Radek Martinek,NYI,D,Aug 31 '76,Havlicko Brod,,CZE,72,206,R,1999,8,228,,13,3,0,3,-2,4
4,Zbynek Michalek,PHX,D,Dec 23 '82,Jindrichuv Hradec,,CZE,74,210,R,,,,,34,0,2,2,+4,14
9,Milan Michalek,OTT,L,Dec 07 '84,Jindrichuv Hradec,,CZE,74,227,L,2003,1,6,,23,4,10,14,+8,17
74,Ondrej Palat,TBL,L,Mar 28 '91,Frydek-Mistek,,CZE,72,180,L,2011,7,208,Y,14,2,2,4,+5,0
14,Tomas Plekanec,MTL,C,Oct 31 '82,Kladno,,CZE,71,196,L,2001,3,71,,47,14,19,33,+3,24
46,Roman Polak,STL,D,Apr 28 '86,Ostrava,,CZE,72,236,R,2004,6,180,,48,1,5,6,-2,48
22,Vinny Prospal,CBJ,L,Feb 17 '75,Ceské Budejovice,,CZE,74,191,L,1993,3,71,,48,12,18,30,+3,32
32,Michal Rozsival,CHI,D,Sep 03 '78,Vlasim,,CZE,73,212,R,1996,4,105,,27,0,12,12,+18,14
5,Ladislav Smid,EDM,D,Feb 01 '86,Frydlant,,CZE,75,207,L,2004,1,9,,48,1,3,4,-1,55
17,Vladimir Sobotka,STL,L,Jul 02 '87,Trebic,,CZE,70,197,L,2005,4,106,,48,8,11,19,-4,35
62,Andrej Sustr,TBL,D,Nov 29 '90,,,CZE,80,225,R,,,,Y,2,0,0,0,+1,0
19,Jiri Tlusty,CAR,C,Mar 16 '88,Slany,,CZE,72,209,L,2006,1,13,,48,23,15,38,+15,18
24,Tomas Vincour,"DAL, COL",C,Nov 19 '90,Brno,,CZE,74,204,R,2009,5,129,,17,2,2,4,-1,4
93,Jakub Voracek,PHI,R,Aug 15 '89,Kladno,,CZE,74,214,L,2007,1,7,,48,22,24,46,-7,35
17,Radim Vrbata,PHX,R,Jun 13 '81,Mlada Boleslav,,CZE,73,194,R,1999,7,212,,34,12,16,28,+6,14
2,Marek Zidlicky,NJD,D,Feb 03 '77,Most,,CZE,71,190,R,2001,6,176,,48,4,15,19,-12,38
10,Christian Ehrhoff,BUF,D,Jul 06 '82,Moers,,DEU,74,203,L,2001,4,106,,47,5,17,22,+6,34
57,Marcel Goc,FLA,C,Aug 24 '83,Calw,,DEU,73,197,L,2001,1,20,,42,9,10,19,-6,8
84,Mikhail Grabovski,TOR,C,Jan 31 '84,Potsdam,,DEU,71,183,L,2004,5,150,,48,9,7,16,-10,24
15,Dany Heatley,MIN,L,Jan 21 '81,Freiburg,,DEU,76,218,L,2000,1,2,,36,11,10,21,-12,8
55,Jochen Hecht,BUF,C,Jun 21 '77,Mannheim,,DEU,73,198,L,1995,2,49,,47,5,9,14,+6,18
55,Korbinian Holzer,TOR,D,Feb 16 '88,Munich,,DEU,75,205,R,2006,4,111,Y,22,2,1,3,-12,28
44,Dennis Seidenberg,BOS,D,Jul 18 '81,Schwenningen,,DEU,73,210,L,2001,6,172,,46,4,13,17,+18,10
52,Alexander Sulzer,BUF,D,May 30 '84,Kaufbeuren,,DEU,73,204,L,2003,3,92,,17,3,1,4,+3,10
89,Mikkel Boedker,PHX,L,Dec 16 '89,Brondby,,DNK,72,211,L,2008,1,8,,48,7,19,26,+0,12
81,Lars Eller,MTL,C,May 08 '89,Rodovre,,DNK,74,209,L,2007,1,13,,46,8,22,30,+8,45
36,Jannik Hansen,VAN,R,Mar 15 '86,Herlev,,DNK,73,195,R,2004,9,287,,47,10,17,27,+12,8
46,Nicklas Jensen,VAN,L,Mar 06 '93,Herning,,DNK,74,202,L,2011,1,29,Y,2,0,0,0,-1,0
,Philip Larsen,DAL,D,Dec 07 '89,Esbjerg,,DNK,72,190,R,2008,5,149,,32,2,3,5,-10,18
38,Oliver Lauridsen,PHI,D,Mar 24 '89,Gentofte,,DNK,78,220,L,2009,7,196,Y,15,2,1,3,+0,34
51,Frans Nielsen,NYI,C,Apr 24 '84,Herning,,DNK,73,180,L,2002,3,87,,48,6,23,29,-3,12
16,Peter Regin,OTT,C,Apr 16 '86,Herning,,DNK,74,195,L,2004,3,87,,27,0,3,3,-4,8
47,Leo Komarov,TOR,C,Jan 23 '87,Narva,,EST,70,187,L,2006,6,180,Y,42,4,5,9,-1,18
51,Valtteri Filppula,DET,C,Mar 20 '84,Vantaa,,FIN,72,195,L,2002,3,95,,41,9,8,17,-4,6
64,Mikael Granlund,MIN,C,Feb 26 '92,Oulu,,FIN,70,180,L,2010,1,9,Y,27,2,6,8,-4,6
56,Teemu Hartikainen,EDM,L,May 03 '90,Kuopio,,FIN,73,214,L,2008,6,163,,23,1,2,3,-8,6
,Jesse Joensuu,NYI,L,Oct 05 '87,Pori,,FIN,76,209,L,2006,2,60,,7,0,2,2,+2,6
36,Jussi Jokinen,"CAR, PIT",L,Apr 01 '83,Kalajoki,,FIN,71,198,L,2001,6,192,,43,13,9,22,-5,24
12,Olli Jokinen,WPG,C,Dec 05 '78,Kuopio,,FIN,74,210,L,1997,1,3,,45,7,7,14,-19,14
9,Mikko Koivu,MIN,C,Mar 12 '83,Turku,,FIN,74,217,L,2001,1,6,,48,11,26,37,+2,26
11,Saku Koivu,ANA,C,Nov 23 '74,Turku,,FIN,70,182,L,1993,1,21,,47,8,19,27,+4,18
28,Lauri Korpikoski,PHX,L,Jul 28 '86,Turku,,FIN,73,205,L,2004,1,19,,36,6,5,11,-3,12
23,Ville Leino,BUF,L,Oct 06 '83,Savonlinna,,FIN,73,190,L,,,,,8,2,4,6,+0,6
32,Toni Lydman,ANA,D,Sep 25 '77,Lahti,,FIN,74,213,L,1996,4,89,,35,0,6,6,-1,12
20,Antti Miettinen,WPG,R,Jul 03 '80,Hämeenlinna,,FIN,72,190,R,2000,7,224,,22,3,2,5,-3,2
,Harri Pesonen,NJD,C,Aug 06 '88,Muurame,,FIN,72,200,L,,,,Y,4,0,0,0,-1,2
37,Lennart Petrell,EDM,L,Apr 13 '84,Helsinki,,FIN,75,215,L,2004,6,190,,35,3,6,9,-4,4
25,Joni Pitkanen,CAR,D,Sep 19 '83,Oulu,,FIN,75,210,L,2002,1,4,,22,1,8,9,+2,12
72,Joonas Rask,NSH,C,Mar 24 '90,Savonlinna,,FIN,71,168,R,2010,7,198,Y,2,0,1,1,-1,0
15,Tuomo Ruutu,CAR,C,Feb 16 '83,Vantaa,,FIN,72,205,L,2001,1,9,,17,4,5,9,-6,8
6,Sami Salo,TBL,D,Sep 02 '74,Turku,,FIN,75,215,R,1996,9,239,,46,2,15,17,+5,16
8,Teemu Selanne,ANA,R,Jul 03 '70,Helsinki,,FIN,72,198,R,1988,1,10,,46,12,12,24,-10,28
44,Kimmo Timonen,PHI,D,Mar 18 '75,Kuopio,,FIN,70,194,L,1993,10,250,,45,5,24,29,+3,36
45,Sami Vatanen,ANA,D,Jun 03 '91,Jyväskylä,,FIN,70,180,R,2009,4,106,Y,8,2,0,2,+3,0
24,Stephane Da Costa,OTT,C,Jul 11 '89,Paris,,FRA,71,185,R,,,,Y,9,1,1,2,-3,0
60,Antoine Roussel,DAL,L,Nov 21 '89,Roubaix,,FRA,72,180,L,,,,Y,39,7,7,14,+3,85
5,Luca Sbisa,ANA,D,Jan 30 '90,Ozieri,,ITA,74,204,L,2008,1,19,,41,1,7,8,+0,23
80,Nik Antropov,WPG,C,Feb 18 '80,Ust-Kamenogorsk,,KAZ,78,245,L,1998,1,10,,40,6,12,18,+6,16
8,Dainius Zubrus,NJD,R,Jun 16 '78,Elektrenai,,LTU,77,225,L,1996,1,15,,22,2,7,9,-3,12
16,Kaspars Daugavins,"OTT, BOS",L,May 18 '88,Riga,,LVA,72,213,L,2006,3,91,,25,1,3,4,-8,9
29,Akim Aliu,CGY,R,Apr 24 '89,Okene,,NGA,76,225,R,2007,2,56,Y,5,0,0,0,-2,14
36,Mats Zuccarello,NYR,L,Sep 01 '87,Oslo,,NOR,67,179,L,,,,,15,3,5,8,+10,8
17,Wojtek Wolski,WSH,L,Feb 24 '86,Zabrze,,POL,75,215,L,2004,1,21,,27,4,5,9,+1,6
42,Artem Anisimov,CBJ,C,May 24 '88,Yaroslavl,,RUS,76,200,L,2006,2,54,,35,11,7,18,-6,12
8,Alexander Burmistrov,WPG,C,Oct 21 '91,Kazan,,RUS,73,180,L,2010,1,8,,44,4,6,10,+0,14
13,Pavel Datsyuk,DET,C,Jul 20 '78,Sverdlovsk,,RUS,71,198,L,1998,6,171,,47,15,34,49,+21,14
74,Alexei Emelin,MTL,D,Apr 25 '86,Togliatti,,RUS,74,219,L,2004,3,84,,38,3,9,12,+2,33
,Sergei Gonchar,OTT,D,Apr 13 '74,Chelyabinsk,,RUS,74,206,L,1992,1,14,,45,3,24,27,+4,26
25,Mikhail Grigorenko,BUF,C,May 16 '94,Khabarovsk,,RUS,75,200,L,2012,1,12,Y,25,1,4,5,-1,0
26,Dmitrij Jaskin,STL,R,Mar 23 '93,Omsk,,RUS,74,196,L,2011,2,41,Y,2,0,0,0,-1,0
17,Ilya Kovalchuk,NJD,R,Apr 15 '83,Tver,,RUS,75,230,R,2001,1,1,,37,11,20,31,-6,18
27,Alex Kovalev,FLA,R,Feb 24 '73,Togliatti,,RUS,74,222,L,1991,1,15,,14,2,3,5,-1,6
41,Nikolai Kulemin,TOR,L,Jul 14 '86,Magnitogorsk,,RUS,73,225,L,2006,2,44,,48,7,16,23,-5,22
7,Dmitry Kulikov,FLA,D,Oct 29 '90,Lipetsk,,RUS,73,205,L,2009,1,14,,34,3,7,10,-5,22
21,Andrei Loktionov,NJD,C,May 30 '90,Voskresensk,,RUS,70,179,L,2008,5,123,,28,8,4,12,-2,4
71,Evgeni Malkin,PIT,C,Jul 31 '86,Magnitogorsk,,RUS,75,195,L,2004,1,2,,31,9,24,33,+5,36
79,Andrei Markov,MTL,D,Dec 20 '78,Voskresensk,,RUS,72,204,L,1998,6,162,,48,10,20,30,-9,14
6,Nikita Nikitin,CBJ,D,Jun 16 '86,Omsk,,RUS,75,217,L,2004,5,136,,38,3,6,9,+2,17
81,Dmitry Orlov,WSH,D,Jul 23 '91,Novokuznetsk,,RUS,72,210,L,2009,2,55,,5,0,1,1,+5,0
8,Alex Ovechkin,WSH,R,Sep 17 '85,Moscow,,RUS,75,230,R,2004,1,1,,48,32,24,56,+2,36
28,Alexander Semin,CAR,R,Mar 03 '84,Krasnojarsk,,RUS,74,209,R,2002,1,13,,44,13,31,44,+14,46
91,Vladimir Tarasenko,STL,R,Dec 13 '91,Yaroslavl,,RUS,72,219,L,2010,1,16,Y,38,8,11,19,+1,10
51,Fedor Tyutin,CBJ,D,Jul 19 '83,Izhevsk,,RUS,74,216,L,2001,2,40,,48,4,18,22,+9,28
28,Anton Volchenkov,NJD,D,Feb 25 '82,Moscow,,RUS,73,225,L,2000,1,21,,37,1,4,5,-1,37
26,Slava Voynov,LAK,D,Jan 15 '90,Chelyabinsk,,RUS,72,190,R,2008,2,32,,48,6,19,25,+5,14
64,Nail Yakupov,EDM,R,Oct 06 '93,Nizhnekamsk,,RUS,71,184,L,2012,1,1,Y,48,17,14,31,-4,24
33,Zdeno Chara,BOS,D,Mar 18 '77,Trencin,,SVK,81,255,L,1996,3,56,,48,7,12,19,+14,70
10,Marian Gaborik,"NYR, CBJ",R,Feb 14 '82,Trencin,,SVK,73,204,L,2000,1,3,,47,12,15,27,-3,14
26,Michal Handzus,"SJS, CHI",C,Mar 11 '77,Banska Bystrika,,SVK,77,215,L,1995,4,101,,39,2,6,8,-2,16
81,Marian Hossa,CHI,R,Jan 12 '79,Stará Lubovna,,SVK,73,210,L,1997,1,12,,40,17,14,31,+20,16
82,Tomas Kopecky,FLA,R,Feb 05 '82,Ilava,,SVK,75,203,L,2000,2,38,,47,15,12,27,-8,28
41,Andrej Meszaros,PHI,D,Oct 13 '85,Považská Bystrica,,SVK,74,223,L,2004,1,23,,11,0,2,2,-9,2
71,Richard Panik,TBL,R,Feb 07 '91,Martin,,SVK,73,208,L,2009,2,52,Y,25,5,4,9,-2,4
4,Andrej Sekera,BUF,D,Jun 08 '86,Bojnice,,SVK,72,201,L,2004,3,71,,37,2,10,12,-2,4
21,Tomas Tatar,DET,C,Dec 01 '90,Ilava,,SVK,70,186,L,2009,2,60,Y,18,4,3,7,+2,4
11,Lubomir Visnovsky,NYI,D,Aug 11 '76,Topolcany,,SVK,70,197,L,2000,4,118,,35,3,11,14,+12,20
11,Anze Kopitar,LAK,C,Aug 24 '87,Jesenice,,SVN,75,225,L,2005,1,11,,47,10,32,42,+14,16
39,Jan Mursak,DET,L,Jan 20 '88,Maribor,,SVN,71,190,R,2006,6,182,,2,0,0,0,+0,4
,Daniel Alfredsson,OTT,R,Dec 11 '72,Gothenburg,,SWE,71,203,R,1994,6,133,,47,10,16,26,+1,33
63,Joakim Andersson,DET,C,Feb 05 '89,Munkedal,,SWE,74,206,L,2007,3,88,Y,38,3,5,8,+2,8
11,Mikael Backlund,CGY,C,Mar 17 '89,Vasteras,,SWE,72,198,L,2007,1,24,,32,8,8,16,-6,29
19,Nicklas Backstrom,WSH,C,Nov 23 '87,Gävle,,SWE,73,213,L,2006,1,4,,48,8,40,48,+8,20
50,Daniel Bang,NSH,L,Apr 19 '87,Stockholm,,SWE,75,208,L,,,,Y,8,0,2,2,-2,0
21,Patrik Berglund,STL,C,Jun 02 '88,Vesteras,,SWE,75,217,L,2006,1,25,,48,17,8,25,-2,12
25,Jonas Brodin,MIN,D,Jul 12 '93,Karlstad,,SWE,73,180,L,2011,1,10,Y,45,2,9,11,+3,10
23,Alexander Edler,VAN,D,Apr 21 '86,Ostersund,,SWE,75,215,L,2004,3,91,,45,8,14,22,-5,37
42,Mattias Ekholm,NSH,D,May 24 '90,Borlange,,SWE,76,204,L,2009,4,102,Y,1,0,0,0,-1,0
23,Oliver Ekman-Larsson,PHX,D,Jul 17 '91,Karlskrona,,SWE,74,190,L,2009,1,6,,48,3,21,24,+5,26
39,Tobias Enstrom,WPG,D,Nov 05 '84,Nordingra,,SWE,70,180,L,2003,8,239,,22,4,11,15,-8,8
52,Jonathan Ericsson,DET,D,Mar 02 '84,Karlskrona,,SWE,76,221,L,2002,9,291,,45,3,10,13,+6,29
21,Loui Eriksson,DAL,L,Jul 17 '85,Gothenburg,,SWE,74,196,L,2003,2,33,,48,12,17,29,-9,8
9,Filip Forsberg,NSH,C,Aug 13 '94,Ostervala,,SWE,73,186,R,2012,1,11,Y,5,0,1,1,-5,0
93,Johan Franzen,DET,R,Dec 23 '79,Vetlanda,,SWE,75,223,L,2004,3,97,,41,14,17,31,+13,41
8,Nicklas Grossmann,PHI,D,Jan 22 '85,Stockholm,,SWE,76,230,L,2004,2,56,,30,1,3,4,-1,21
36,Carl Gunnarsson,TOR,D,Nov 09 '86,Orebro,,SWE,74,196,L,2007,7,194,,37,1,14,15,+5,14
26,Erik Gustafsson,PHI,D,Dec 15 '88,Kvissleby,,SWE,70,180,L,,,,,27,3,5,8,-1,2
62,Carl Hagelin,NYR,L,Aug 23 '88,Sodertalje,,SWE,71,186,L,2007,6,168,,48,10,14,24,+10,18
77,Victor Hedman,TBL,D,Dec 18 '90,Ornskoldsvik,,SWE,78,233,L,2009,1,2,,44,4,16,20,+1,31
4,Niklas Hjalmarsson,CHI,D,Jun 06 '87,Eksjo,,SWE,75,207,L,2005,4,108,,46,2,8,10,+15,22
27,Patric Hornqvist,NSH,R,Jan 01 '87,Sollentuna,,SWE,71,189,R,2005,7,230,,24,4,10,14,-1,14
90,Marcus Johansson,WSH,C,Oct 06 '90,Landskrona,,SWE,73,205,L,2009,1,24,,34,6,16,22,+3,4
9,Jacob Josefson,NJD,C,Mar 02 '91,Stockholm,,SWE,73,190,L,2009,1,20,,22,1,2,3,-10,2
65,Erik Karlsson,OTT,D,May 31 '90,Landsbro,,SWE,72,175,R,2008,1,15,,17,6,8,14,+8,8
55,Niklas Kronwall,DET,D,Jan 12 '81,Stockholm,,SWE,72,190,L,2000,1,29,,48,5,24,29,-5,44
16,Marcus Kruger,CHI,C,May 27 '90,Stockholm,,SWE,72,181,L,2009,5,149,,47,4,9,13,+3,24
51,Anton Lander,EDM,C,Apr 24 '91,Sundsvall,,SWE,72,194,L,2009,2,40,,11,0,1,1,-4,2
92,Gabriel Landeskog,COL,L,Nov 23 '92,Stockholm,,SWE,73,204,L,2011,1,2,,36,9,8,17,-4,22
,Johan Larsson,MIN,L,Jul 25 '92,Lau,,SWE,70,200,L,2010,2,56,Y,1,0,0,0,+0,0
5,Adam Larsson,NJD,D,Nov 12 '92,Skellefteå,,SWE,75,205,R,2011,1,4,,37,0,6,6,+4,12
6,Andreas Lilja,PHI,D,Jul 13 '75,Helsingborg,,SWE,75,220,L,2000,2,54,,4,0,0,0,-1,0
3,Douglas Murray,"SJS, PIT",D,Mar 12 '80,Bromma,,SWE,75,245,L,1999,8,241,,43,1,5,6,-9,35
14,Gustav Nyquist,DET,C,Sep 01 '89,Halmstad,,SWE,71,185,L,2008,4,121,Y,22,3,3,6,+0,6
27,Johnny Oduya,CHI,D,Oct 01 '81,Stockholm,,SWE,72,190,L,2001,7,221,,48,3,9,12,+12,10
56,Magnus Paajarvi,EDM,L,Apr 12 '91,Norrkoping,,SWE,75,208,L,2009,1,10,,42,9,7,16,-1,14
67,Rickard Rakell,ANA,R,May 05 '93,Sundbyberg,,SWE,73,191,R,2011,1,30,Y,4,0,0,0,-2,0
2,David Rundblad,PHX,D,Oct 08 '90,Lycksele,,SWE,74,195,R,2009,1,17,,8,0,1,1,-5,0
37,Mikael Samuelsson,DET,R,Dec 23 '76,Mariefred,,SWE,74,218,R,1998,5,145,,4,0,1,1,-3,0
22,Daniel Sedin,VAN,L,Sep 26 '80,Ornskoldsvik,,SWE,73,187,L,1999,1,2,,47,12,28,40,+12,18
33,Henrik Sedin,VAN,C,Sep 26 '80,Ornskoldsvik,,SWE,74,188,L,1999,1,3,,48,11,34,45,+19,24
,Jakob Silfverberg,OTT,R,Oct 13 '90,Gävle,,SWE,73,200,R,2009,2,39,Y,48,10,9,19,+9,12
34,Carl Soderberg,BOS,C,Oct 12 '85,Malmö,,SWE,75,198,L,2004,2,49,,6,0,2,2,-2,6
25,Viktor Stalberg,CHI,R,Jan 17 '86,Gothenburg,,SWE,75,209,L,2006,6,161,,47,9,14,23,+16,25
6,Anton Stralman,NYR,D,Aug 01 '86,Tibro,,SWE,71,190,R,2005,7,216,,48,4,3,7,+14,16
7,Henrik Tallinder,NJD,D,Jan 10 '79,Stockholm,,SWE,76,215,L,1997,2,48,,25,1,3,4,+0,10
21,Mattias Tedenby,NJD,R,Feb 21 '90,Vetlanda,,SWE,69,175,L,2008,1,24,,4,0,1,1,+0,2
41,David Ullstrom,NYI,L,Apr 22 '89,Jönköping,,SWE,74,195,L,2008,4,102,,20,2,3,5,-2,6
33,Alexander Urbom,NJD,D,Dec 20 '90,Stockholm,,SWE,77,215,L,2009,3,73,Y,1,0,0,0,-1,0
23,Tom Wandell,DAL,C,Jan 29 '87,Sodertalje,,SWE,73,200,L,2005,5,146,,18,1,0,1,+0,4
40,Henrik Zetterberg,DET,L,Oct 09 '80,Njurunda,,SWE,71,197,L,1999,7,210,,46,11,37,48,+2,18
93,Mika Zibanejad,OTT,C,Apr 18 '93,Stockholm,,SWE,73,200,R,2011,1,6,Y,42,7,13,20,+9,6
33,Anton Babchuk,CGY,D,May 06 '84,Kiev,,UKR,77,200,R,2002,1,21,,7,0,1,1,-1,0
26,Ruslan Fedotenko,PHI,L,Jan 18 '79,Kiev,,UKR,73,200,L,,,,,47,4,9,13,+8,12
12,Alexei Ponikarovsky,"WPG, NJD",L,Apr 09 '80,Kiev,,UKR,76,225,L,1998,4,87,,42,4,5,9,-1,14
8,Justin Abdelkader,DET,L,Feb 25 '87,Muskegon,MI,USA,73,219,L,2005,2,42,,48,10,3,13,+6,34
41,Andrew Alberts,VAN,D,Jun 30 '81,Minneapolis,MN,USA,77,218,L,2001,6,179,,24,0,1,1,-7,32
12,Matt Anderson,NJD,R,Oct 31 '82,West Islip,NY,USA,71,195,R,,,,,2,0,1,1,+1,0
62,Mark Arcobello,EDM,C,Aug 12 '88,Milford,CT,USA,69,165,R,,,,Y,1,0,0,0,+0,0
13,Cam Atkinson,CBJ,R,Jun 05 '89,Riverside,CT,USA,67,172,R,2008,6,157,,35,9,9,18,+9,4
,Keith Aucoin,NYI,C,Nov 06 '78,Waltham,MA,USA,68,171,L,,,,,41,6,6,12,-1,4
42,David Backes,STL,C,May 01 '84,Minneapolis,MN,USA,75,221,R,2003,2,62,,48,6,22,28,+5,62
2,Keith Ballard,VAN,D,Nov 26 '82,Baudette,MN,USA,71,208,L,2002,1,11,,36,0,2,2,-2,29
43,Matt Bartkowski,BOS,D,Jun 04 '88,Pittsburgh,PA,USA,73,196,L,2008,7,190,Y,11,0,2,2,+0,6
19,Beau Bennett,PIT,R,Nov 27 '91,Gardena,CA,USA,74,207,R,2010,1,20,Y,26,3,11,14,+7,6
41,Stu Bickel,NYR,D,Oct 02 '86,Chanhassen,MN,USA,76,207,R,,,,,16,0,0,0,-2,49
27,Nick Bjugstad,FLA,C,Jul 17 '92,Minneapolis,MN,USA,78,215,R,2010,1,19,Y,11,1,0,1,-8,2
7,Jonathon Blum,NSH,D,Jan 30 '89,Long Beach,CA,USA,73,186,R,2007,1,23,,35,1,6,7,-1,6
44,Zach Bogosian,WPG,D,Jul 15 '90,Massena,NY,USA,75,215,R,2008,1,3,,33,5,9,14,-5,29
40,Jared Boll,CBJ,R,May 13 '86,Charlotte,NC,USA,74,219,R,2005,4,101,,43,2,4,6,+1,100
52,Brandon Bollig,CHI,L,Jan 31 '87,St. Charles,MO,USA,74,223,L,,,,Y,25,0,0,0,-1,51
13,Nick Bonino,ANA,C,Apr 20 '88,Hartford,CT,USA,73,194,L,2007,6,173,,27,5,8,13,-3,8
7,David Booth,VAN,L,Nov 24 '84,Detroit,MI,USA,72,212,L,2004,2,53,,12,1,2,3,-3,4
55,Francis Bouillon,MTL,D,Oct 17 '75,New York City,NY,USA,68,197,L,,,,,48,1,8,9,+4,21
48,Chris Bourque,BOS,L,Jan 29 '86,Boston,MA,USA,68,174,L,2004,2,33,,18,1,3,4,-6,6
21,Drayson Bowman,CAR,L,Mar 08 '89,Grand Rapids,MI,USA,73,195,L,2007,3,72,,37,3,2,5,-7,17
22,Brian Boyle,NYR,C,Dec 18 '84,Hingham,MA,USA,79,244,L,2003,1,26,,38,2,3,5,-13,29
61,Justin Braun,SJS,D,Feb 10 '87,Minneapolis,MN,USA,74,205,R,2007,7,201,,41,0,7,7,-5,6
3,TJ Brennan,"BUF, FLA",D,Apr 03 '89,Willingboro,NJ,USA,73,213,L,2007,2,31,Y,29,3,7,10,-9,8
44,Chris Brown,PHX,C,Feb 03 '91,Flower Mound,TX,USA,74,215,R,2009,2,36,Y,5,0,0,0,+0,2
23,Dustin Brown,LAK,R,Nov 04 '84,Ithaca,NY,USA,72,212,R,2003,1,13,,46,18,11,29,+6,22
13,Mike Brown,"TOR, EDM",R,Jun 24 '85,Chicago,IL,USA,71,205,R,2004,5,159,,39,1,1,2,-7,123
37,Adam Burish,SJS,R,Jan 06 '83,Madison,WI,USA,73,195,R,2002,9,282,,46,1,2,3,-7,25
44,Chris Butler,CGY,D,Oct 27 '86,St. Louis,MO,USA,73,196,L,2005,4,96,,44,1,7,8,-10,19
19,Bobby Butler,"NJD, NSH",R,Apr 26 '87,Marlborough,MA,USA,72,189,R,,,,,34,4,7,11,-8,4
33,Dustin Byfuglien,WPG,D,Mar 27 '85,Minneapolis,MN,USA,77,265,R,2003,8,245,,43,8,20,28,-1,34
24,Ryan Callahan,NYR,R,Mar 21 '85,Rochester,NY,USA,71,190,R,2004,4,127,,45,16,15,31,+9,12
25,Matthew Carle,TBL,D,Sep 25 '84,Anchorage,AK,USA,72,205,L,2003,2,47,,48,5,17,22,+1,4
74,John Carlson,WSH,D,Jan 10 '90,Natick,MA,USA,75,212,R,2008,1,27,,48,6,16,22,+11,18
20,Ryan Carter,NJD,L,Aug 03 '83,White Bear Lake,MN,USA,73,205,L,,,,,44,6,9,15,-2,31
72,Erik Cole,"MTL, DAL",L,Nov 06 '78,Oswego,NY,USA,74,210,L,1998,3,71,,47,9,4,13,-6,20
28,Ian Cole,STL,D,Feb 21 '89,Ann Arbor,MI,USA,73,219,L,2007,1,18,,15,0,1,1,-4,10
22,Erik Condra,OTT,R,Aug 06 '86,Trenton,MI,USA,72,189,R,2006,7,211,,48,4,8,12,+3,34
14,Chris Conner,PHX,R,Dec 23 '83,Westland,MI,USA,68,190,L,,,,,12,1,1,2,+3,2
77,Joe Corvo,CAR,D,Jun 20 '77,Oak Park,IL,USA,72,204,R,1997,4,83,,40,6,11,17,-3,14
14,Sean Couturier,PHI,C,Dec 07 '92,Phoenix,AZ,USA,75,197,L,2011,1,8,,46,4,11,15,-8,10
3,Charlie Coyle,MIN,R,Mar 02 '92,E. Weymouth,MA,USA,74,205,R,2010,1,28,Y,37,8,6,14,+3,28
15,Joey Crabb,WSH,R,Apr 03 '83,Anchorage,AK,USA,73,190,R,2002,7,226,,26,2,0,2,-1,8
19,B.J. Crombeen,TBL,R,Jul 10 '85,Denver,CO,USA,74,209,R,2003,2,54,,44,1,7,8,+4,112
7,Matt Cullen,MIN,C,Nov 02 '76,Virginia,MN,USA,73,200,L,1996,2,35,,42,7,20,27,+9,10
65,Danny DeKeyser,DET,D,Mar 07 '90,Detroit,MI,USA,75,190,L,,,,Y,11,0,1,1,+4,2
18,Jake Dowell,MIN,C,Mar 04 '85,Eau Claire,WI,USA,72,198,L,2004,5,140,,2,0,0,0,+0,0
44,Davis Drewiske,"LAK, MTL",D,Nov 22 '84,Hudson,WI,USA,74,220,L,,,,,29,2,5,7,+3,14
17,Brandon Dubinsky,CBJ,C,Apr 29 '86,Anchorage,AK,USA,73,210,L,2004,2,60,,29,2,18,20,+2,76
39,Patrick Dwyer,CAR,R,Jun 22 '83,Spokane,WA,USA,71,175,R,2002,4,116,,46,8,8,16,-7,12
4,Mark Eaton,PIT,D,May 06 '77,Wilmington,DE,USA,73,215,L,,,,,23,0,0,0,+9,4
20,Tim Erixon,CBJ,D,Feb 24 '91,Port Chester,NY,USA,74,190,L,2009,1,23,Y,31,0,5,5,+4,14
65,Emerson Etem,ANA,R,Jun 16 '92,Long Beach,CA,USA,73,210,L,2010,1,29,Y,38,3,7,10,+7,9
27,Justin Faulk,CAR,D,Mar 20 '92,South St.Paul,MN,USA,72,215,R,2010,2,37,,38,5,10,15,+1,15
29,Mark Fayne,NJD,D,May 15 '87,Nashua,NH,USA,75,215,R,2005,5,155,,31,1,5,6,+6,16
36,Benn Ferriero,NYR,C,Apr 29 '87,Boston,MA,USA,71,195,R,2006,7,196,,4,0,1,1,+0,0
52,Joe Finley,NYI,D,Jun 29 '87,Edina,MN,USA,80,249,L,2005,1,27,Y,16,0,1,1,-5,20
65,Brian Flynn,BUF,C,Jul 26 '88,Lynnfield,MA,USA,73,180,R,,,,Y,26,6,5,11,+6,0
71,Nick Foligno,CBJ,L,Oct 31 '87,Buffalo,NY,USA,72,210,L,2006,1,28,,45,6,13,19,+6,28
82,Marcus Foligno,BUF,L,Aug 10 '91,Buffalo,NY,USA,75,226,L,2009,4,104,Y,47,5,13,18,-4,41
27,Alex Galchenyuk,MTL,C,Feb 12 '94,Milwaukee,WI,USA,73,196,L,2012,1,3,Y,48,9,18,27,+14,20
51,Jake Gardiner,TOR,D,Jul 04 '90,Minnetonka,MN,USA,74,184,L,2008,1,17,,12,0,4,4,+0,0
28,Paul Gaustad,NSH,C,Feb 03 '82,Fargo,ND,USA,77,223,L,2000,7,220,,23,2,3,5,-1,20
42,Nathan Gerbe,BUF,L,Jul 24 '87,Oxford,MI,USA,65,178,L,2005,5,142,,42,5,5,10,-3,14
77,Tom Gilbert,MIN,D,Jan 10 '83,Bloomington,MN,USA,74,204,R,2002,4,129,,43,3,10,13,-11,18
75,Hal Gill,NSH,D,Apr 06 '75,Concord,MA,USA,79,243,L,1993,8,207,,32,0,0,0,-3,12
97,Matt Gilroy,NYR,D,Jul 20 '84,North Bellmore,NY,USA,73,199,R,,,,,15,0,0,0,-3,6
11,Stephen Gionta,NJD,C,Oct 09 '83,Rochester,NY,USA,67,185,R,,,,,48,4,10,14,+2,14
21,Brian Gionta,MTL,R,Jan 18 '79,Rochester,NY,USA,67,174,R,1998,3,82,,48,14,12,26,+3,8
6,Tim Gleason,CAR,D,Jan 29 '83,Clawson,MI,USA,72,217,L,2001,1,23,,42,0,9,9,-3,40
33,Alex Goligoski,DAL,D,Jul 30 '85,Grand Rapids,MN,USA,71,181,L,2004,2,61,,47,3,24,27,+4,18
23,Scott Gomez,SJS,C,Dec 23 '79,Anchorage,AK,USA,71,198,L,1998,1,27,,39,2,13,15,-10,22
2,Matt Greene,LAK,D,May 13 '83,Grand Ledge,MI,USA,75,232,R,2002,2,44,,5,0,1,1,-1,8
6,Andy Greene,NJD,D,Oct 30 '82,Trenton,MI,USA,71,190,L,,,,,48,4,12,16,+12,20
6,Ron Hainsey,WPG,D,Mar 24 '81,Bolton,CT,USA,75,210,L,2000,1,13,,47,0,13,13,-8,10
18,Adam Hall,"TBL, CAR, PHI",R,Aug 14 '80,Kalamazoo,MI,USA,74,212,R,1999,2,52,,37,0,4,4,+0,23
24,Jeff Halpern,"NYR, MTL",C,May 03 '76,Washington,DC,USA,72,190,R,,,,,46,1,2,3,-8,10
58,Ben Hanowski,CGY,R,Oct 18 '90,Little Falls,MN,USA,74,198,L,2009,3,63,Y,5,1,0,1,+0,0
10,Peter Harrold,NJD,D,Jun 08 '83,Kirtland Hills,OH,USA,72,185,R,,,,,23,2,3,5,-8,6
39,Jimmy Hayes,CHI,R,Nov 21 '89,Boston,MA,USA,78,221,R,2008,2,60,,10,1,3,4,+0,0
26,Matt Hendricks,WSH,C,Jun 17 '81,Blaine,MN,USA,72,211,L,2000,5,131,,48,5,3,8,-6,73
20,Chris Higgins,VAN,L,Jun 02 '83,Smithtown,NY,USA,72,205,L,2002,1,14,,41,10,5,15,-4,10
38,Jack Hillen,WSH,D,Jan 24 '86,Minnetonka,MN,USA,70,190,L,,,,,23,3,6,9,+9,14
22,Matt Hunwick,COL,D,May 21 '85,Warren,MI,USA,71,190,L,2004,7,224,,43,0,6,6,+4,16
15,Tim Jackman,CGY,R,Nov 14 '81,Minot,ND,USA,74,225,R,2001,2,38,,42,1,4,5,-9,76
25,Cam Janssen,NJD,R,Apr 15 '84,St. Louis,MO,USA,72,215,R,2002,4,117,,4,0,0,0,-1,2
63,Tyler Johnson,TBL,C,Jul 29 '90,Spokane,WA,USA,69,182,R,,,,Y,14,3,3,6,+3,4
6,Erik Johnson,COL,D,Mar 21 '88,Bloomington,MN,USA,76,232,R,2006,1,1,,31,0,4,4,-3,18
7,Jack Johnson,CBJ,D,Jan 13 '87,Indianapolis,IN,USA,73,231,L,2005,1,3,,44,5,14,19,-5,12
36,Patrick Kaleta,BUF,R,Jun 08 '86,Buffalo,NY,USA,73,206,R,2004,6,176,,34,1,0,1,-4,67
88,Patrick Kane,CHI,R,Nov 19 '88,Buffalo,NY,USA,71,181,L,2007,1,1,,47,23,32,55,+11,8
46,Tim Kennedy,SJS,C,Apr 30 '86,Buffalo,NY,USA,70,175,L,2005,6,181,,13,2,0,2,-3,2
17,Ryan Kesler,VAN,C,Aug 31 '84,Livonia,MI,USA,74,202,R,2003,1,23,,17,4,9,13,-5,12
81,Phil Kessel,TOR,R,Oct 02 '87,Madison,WI,USA,72,202,R,2006,1,5,,48,20,32,52,-3,18
5,Mike Komisarek,TOR,D,Jan 19 '82,West Islip,NY,USA,76,235,R,2001,1,7,,4,0,0,0,+2,2
34,Matthew Konan,PHI,D,Sep 03 '91,Orange,CA,USA,76,186,L,,,,Y,2,0,0,0,+0,0
20,Chris Kreider,NYR,L,Apr 30 '91,Boxford,MA,USA,75,226,L,2009,1,19,Y,23,2,1,3,-1,6
47,Torey Krug,BOS,D,Apr 12 '91,Livonia,MI,USA,69,180,L,,,,Y,1,0,1,1,-1,0
15,Jamie Langenbrunner,STL,R,Jul 24 '75,Cloquet,MN,USA,73,205,R,1993,2,35,,4,0,1,1,+1,0
59,Chad LaRose,CAR,R,Mar 27 '82,Fraser,MI,USA,70,181,R,,,,,35,2,2,4,-8,29
23,Brian Lashoff,DET,D,Jul 16 '90,Albany,NY,USA,75,212,L,,,,Y,31,1,4,5,-10,15
14,Drew LeBlanc,CHI,C,Jun 29 '89,Duluth,MN,USA,72,195,L,,,,Y,2,0,0,0,-3,0
8,Nick Leddy,CHI,D,Mar 20 '91,Eden Prairie,MN,USA,72,191,L,2009,1,16,,48,6,12,18,+15,10
27,Anders Lee,NYI,C,Jul 03 '90,Edina,MN,USA,74,225,L,2009,6,152,Y,2,1,1,2,-3,0
15,Brian Lee,TBL,D,Mar 26 '87,Moorhead,MN,USA,75,200,R,2005,1,9,,22,0,0,0,-13,16
11,David Legwand,NSH,C,Aug 17 '80,Detroit,MI,USA,74,205,L,1998,1,2,,48,12,13,25,-6,20
33,Jordan Leopold,"BUF, STL",D,Aug 03 '80,Golden Valley,MN,USA,73,206,L,1999,2,44,,39,2,8,10,-8,14
22,Trevor Lewis,LAK,C,Jan 08 '87,Salt Lake City,UT,USA,73,199,R,2006,1,17,,48,5,9,14,+5,19
24,John-Michael Liles,TOR,D,Nov 25 '80,Indianapolis,IN,USA,70,185,L,2000,5,159,,32,2,9,11,-1,4
6,Ben Lovejoy,"PIT, ANA",D,Feb 20 '84,Concord,NH,USA,74,215,R,,,,,35,0,10,10,+4,29
10,Mike Lundin,OTT,D,Sep 24 '84,Burnsville,MN,USA,74,190,L,2004,4,102,,11,0,1,1,-2,0
28,Lane MacDermid,"BOS, DAL",L,Aug 25 '89,Hartford,CT,USA,75,205,L,2009,4,112,Y,9,2,0,2,+1,19
12,Ryan Malone,TBL,L,Dec 01 '79,Pittsburgh,PA,USA,76,224,L,1999,4,115,,24,6,2,8,-3,22
62,Patrick Maroon,ANA,L,Apr 23 '88,St. Louis,MO,USA,75,229,L,2007,6,161,Y,13,2,1,3,-1,10
7,Paul Martin,PIT,D,Mar 05 '81,Minneapolis,MN,USA,73,200,L,2000,2,62,,34,6,17,23,+14,16
27,Alec Martinez,LAK,D,Jul 26 '87,Rochester Hills,MI,USA,73,206,L,2007,4,95,,27,1,4,5,-2,10
15,Stefan Matteau,NJD,L,Feb 23 '94,Chicago,IL,USA,73,215,L,2012,1,29,Y,17,1,2,3,-1,6
4,Jamie McBain,CAR,D,Feb 25 '88,Edina,MN,USA,74,200,R,2006,2,63,,40,1,7,8,+0,12
27,Ryan McDonagh,NYR,D,Jun 13 '89,St. Paul,MN,USA,73,213,L,2007,1,12,,47,4,15,19,+13,22
13,Colin McDonald,NYI,R,Sep 30 '84,Wethersfield,CT,USA,73,210,R,2003,2,51,,45,7,10,17,-1,32
21,Andy Miele,PHX,C,Apr 15 '88,Grosse Pointe Woods,MI,USA,69,175,L,,,,Y,1,0,0,0,+1,0
20,Drew Miller,DET,L,Feb 17 '84,Dover,NJ,USA,74,178,L,2003,6,186,,44,4,4,8,-8,2
47,J.T. Miller,NYR,C,Mar 14 '93,East Palestine,OH,USA,73,200,L,2011,1,15,Y,26,2,2,4,-7,8
17,John Moore,"CBJ, NYR",D,Nov 19 '90,Winnetka,IL,USA,75,202,L,2009,1,21,,30,1,6,7,+4,7
11,Jeremy Morin,CHI,L,Apr 16 '91,Auburn,NY,USA,73,192,R,2009,2,45,Y,3,1,1,2,+1,0
18,David Moss,PHX,R,Dec 28 '81,Livonia,MI,USA,76,210,R,2001,7,220,,45,5,15,20,+3,21
,Chris Mueller,NSH,C,Mar 06 '86,West Seneca,NY,USA,71,200,R,,,,,18,2,3,5,-4,6
88,Peter Mueller,FLA,C,Apr 14 '88,Bloomington,MN,USA,74,204,R,2006,1,8,,43,8,9,17,-11,18
57,Tyler Myers,BUF,D,Feb 01 '90,Houston,TX,USA,80,227,R,2008,1,12,,39,3,5,8,-8,32
2,Matt Niskanen,PIT,D,Dec 06 '86,Virginia,MN,USA,72,209,R,2005,1,28,,40,4,10,14,+4,12
24,Eric Nystrom,DAL,L,Feb 14 '83,Syosset,NY,USA,73,193,L,2002,1,10,,48,7,4,11,-3,61
18,Jim O'Brien,OTT,C,Jan 29 '89,Maplewood,MN,USA,74,202,R,2007,1,29,,29,5,1,6,-2,8
21,Kyle Okposo,NYI,R,Apr 16 '88,St. Paul,MN,USA,72,212,R,2006,1,7,,48,4,20,24,-2,38
61,Steve Oleksy,WSH,D,Feb 04 '86,Chesterfield,MI,USA,72,190,,,,,,28,1,8,9,+9,33
44,Brooks Orpik,PIT,D,Sep 26 '80,San Francisco,CA,USA,74,219,L,2000,1,18,,46,0,8,8,+17,32
74,T.J. Oshie,STL,R,Dec 23 '86,Mt. Vernon,WA,USA,71,189,R,2005,1,24,,30,7,13,20,-5,15
67,Max Pacioretty,MTL,L,Nov 20 '88,New Canaan,CT,USA,74,219,L,2007,1,22,,44,15,24,39,+8,28
51,Kyle Palmieri,ANA,R,Feb 01 '91,Smithtown,NY,USA,71,197,R,2009,1,26,,42,10,11,21,+2,9
17,Aaron Palushaj,COL,R,Sep 07 '89,Livonia,MI,USA,71,187,R,2007,2,44,,25,2,7,9,-2,8
29,Jay Pandolfo,BOS,L,Dec 27 '74,Winchester,MA,USA,73,190,L,1993,2,32,,18,0,0,0,-2,2
11,Zach Parise,MIN,L,Jul 28 '84,Minneapolis,MN,USA,71,190,L,2003,1,17,,48,18,20,38,+2,16
15,George Parros,FLA,R,Dec 29 '79,Washington,PA,USA,77,228,R,1999,8,222,,39,1,1,2,-15,57
64,Greg Pateryn,MTL,D,Jun 20 '90,Sterling Heights,MI,USA,74,214,R,2008,5,128,Y,3,0,0,0,+0,0
8,Joe Pavelski,SJS,C,Jul 11 '84,Plover,WI,USA,71,190,R,2003,7,205,,48,16,15,31,+2,10
17,Toby Petersen,DAL,C,Oct 27 '78,Minneapolis,MN,USA,70,198,L,1998,9,244,,1,0,0,0,+0,0
54,Nick Petrecki,SJS,D,Jul 11 '89,Schenectady,NY,USA,75,225,L,2007,1,28,Y,1,0,0,0,+0,0
2,Jeff Petry,EDM,D,Dec 09 '87,Ann Arbor,MI,USA,75,200,R,2006,2,45,,48,3,9,12,+1,29
12,Kevin Porter,BUF,C,Mar 12 '86,Detroit,MI,USA,71,194,L,2004,4,119,,31,4,5,9,-1,10
3,Tom Poti,WSH,D,Mar 22 '77,Worcester,MA,USA,75,190,L,1996,3,59,,16,0,2,2,-2,2
44,Corey Potter,EDM,D,Jan 05 '84,Lansing,MI,USA,75,206,R,2003,4,122,,33,3,1,4,+8,6
39,Nate Prosser,MIN,D,May 07 '86,Elk River,MN,USA,74,205,R,,,,,17,0,0,0,+4,4
37,Greg Rallo,FLA,C,Aug 26 '81,Gurnee,IL,USA,72,195,R,,,,,10,1,0,1,-5,2
16,Marty Reasoner,NYI,C,Feb 26 '77,Honeoye Falls,NY,USA,73,197,L,1996,1,14,,31,0,5,5,-3,4
25,Zach Redmond,WPG,D,Jul 26 '88,Traverse City,MI,USA,74,205,R,2008,7,184,Y,8,1,3,4,+0,12
42,Dylan Reese,PIT,D,Aug 29 '84,Pittsburgh,PA,USA,73,201,R,2003,7,209,,3,0,0,0,+0,0
52,Jonathan Rheault,FLA,R,Aug 01 '86,Arlington,TX,USA,70,202,R,2006,5,145,,5,0,0,0,+0,0
5,Chad Ruhwedel,BUF,D,May 07 '90,San Diego,CA,USA,71,180,R,,,,Y,7,0,0,0,+0,0
27,Mike Rupp,"NYR, MIN",L,Jan 13 '80,Cleveland,OH,USA,77,243,L,2000,3,76,,40,1,3,4,-2,79
9,Bobby Ryan,ANA,R,Mar 17 '87,Cherry Hill,NJ,USA,74,200,R,2005,1,2,,46,11,19,30,+3,17
20,Brandon Saad,CHI,L,Oct 27 '92,Pittsburgh,PA,USA,73,202,L,2011,2,43,Y,46,10,17,27,+17,12
24,Bobby Sanguinetti,CAR,D,Feb 29 '88,Trenton,NJ,USA,75,190,R,2006,1,21,Y,37,2,4,6,-6,4
45,Cameron Schilling,WSH,D,Oct 07 '88,Carmel,IN,USA,74,182,L,,,,Y,1,0,0,0,-1,0
45,Jordan Schroeder,VAN,C,Sep 29 '90,Lakeville,MN,USA,68,175,R,2009,1,22,Y,31,3,6,9,+0,4
7,Rob Scuderi,LAK,D,Dec 30 '78,Syosset,NY,USA,73,216,L,1998,5,134,,48,1,11,12,-6,4
15,Tim Sestito,NJD,L,Aug 28 '84,Rome,NY,USA,71,200,L,,,,,6,0,0,0,+1,2
29,Tom Sestito,"PHI, VAN",L,Sep 28 '87,Rome,NY,USA,77,228,L,2006,3,85,,30,3,0,3,-2,65
22,Kevin Shattenkirk,STL,D,Jan 29 '89,Greenwich,CT,USA,71,207,R,2007,1,14,,48,5,18,23,+2,20
15,Drew Shore,FLA,C,Jan 29 '91,Denver,CO,USA,75,200,R,2009,2,44,Y,43,3,10,13,-10,14
12,Jack Skille,FLA,R,May 19 '87,Madison,WI,USA,73,219,R,2005,1,7,,40,3,9,12,-9,11
19,Jim Slater,WPG,C,Dec 09 '82,Lapeer,MI,USA,72,200,L,2002,1,30,,26,1,1,2,-3,19
28,Ben Smith,CHI,R,Jul 11 '88,Winston-Salem,NC,USA,71,207,R,2008,6,169,,1,1,0,1,+1,0
15,Craig Smith,NSH,C,Sep 05 '89,Madison,WI,USA,73,202,R,2009,4,98,,44,4,8,12,-11,20
21,Drew Stafford,BUF,R,Oct 30 '85,Milwaukee,WI,USA,74,214,R,2004,1,13,,46,6,12,18,-16,21
20,David Steckel,"TOR, ANA",C,Mar 15 '82,Milwaukee,WI,USA,78,215,L,2001,1,30,,34,1,6,7,+0,4
22,Lee Stempniak,CGY,R,Feb 04 '83,West Seneca,NY,USA,71,196,R,2003,5,148,,47,9,23,32,+2,12
21,Derek Stepan,NYR,C,Jun 18 '90,Hastings,MN,USA,72,196,R,2008,2,51,,48,18,26,44,+25,12
37,Brian Strait,NYI,D,Jan 04 '88,Waltham,MA,USA,73,200,L,2006,3,65,Y,19,0,4,4,+4,10
5,Mark Stuart,WPG,D,Apr 27 '84,Rochester,MN,USA,74,213,L,2003,1,21,,42,2,2,4,+5,53
20,Chris Summers,PHX,D,Feb 05 '88,Ann Arbor,MI,USA,74,209,L,2006,1,29,Y,6,0,0,0,-3,9
20,Ryan Suter,MIN,D,Jan 21 '85,Madison,WI,USA,73,198,L,2003,1,7,,48,4,28,32,+2,24
16,Brandon Sutter,PIT,C,Feb 14 '89,Huntington,NY,USA,75,183,R,2007,1,11,,48,11,8,19,+3,4
42,Bill Sweatt,VAN,L,Sep 21 '88,Elburn,IL,USA,72,190,L,2007,2,38,Y,1,0,0,0,-1,0
27,Eric Tangradi,"PIT, WPG",C,Feb 10 '89,Philadelphia,PA,USA,76,221,L,2007,2,42,,41,1,3,4,-2,22
55,Matt Taormina,TBL,D,Oct 20 '86,Warren,MI,USA,70,182,L,,,,,2,0,0,0,-1,0
80,Matt Tennyson,SJS,D,Apr 23 '90,Pleasanton,CA,USA,74,205,R,,,,Y,4,0,2,2,+2,2
44,Nate Thompson,TBL,C,Oct 05 '84,Anchorage,AK,USA,72,212,L,2003,6,183,,45,7,8,15,-2,17
42,Jarred Tinordi,MTL,D,Feb 20 '92,Millersville,MD,USA,78,205,L,2010,1,22,Y,8,0,2,2,+5,2
18,RJ Umberger,CBJ,L,May 03 '82,Pittsburgh,PA,USA,74,220,L,2001,1,16,,48,8,10,18,+3,16
21,James van Riemsdyk,TOR,L,May 04 '89,Middletown,NJ,USA,75,200,L,2007,1,2,,48,18,14,32,-7,26
54,Chris VandeVelde,EDM,C,Mar 15 '87,Moorhead,MN,USA,74,190,L,2005,4,97,Y,11,0,0,0,-3,4
46,Joe Vitale,PIT,C,Aug 20 '85,St. Louis,MO,USA,71,205,R,2005,7,195,,33,2,3,5,-7,17
29,Tim Wallace,CAR,R,Aug 06 '84,Anchorage,AK,USA,73,207,R,,,,,28,1,1,2,-9,17
52,Austin Watson,NSH,L,Jan 13 '92,Ann Arbor,MI,USA,76,193,R,2010,1,18,Y,6,1,0,1,-2,0
6,Mike Weber,BUF,D,Dec 16 '87,Pittsburgh,PA,USA,74,211,L,2006,2,57,,42,1,6,7,+3,70
26,Blake Wheeler,WPG,R,Aug 31 '86,Robbinsdale,MN,USA,77,205,R,2004,1,5,,48,19,22,41,-3,28
6,Ryan Whitney,EDM,D,Feb 19 '83,Boston,MA,USA,76,209,L,2002,1,5,,34,4,9,13,-7,23
33,Colin Wilson,NSH,C,Oct 20 '89,Greenwich,CT,USA,73,216,L,2008,1,7,,25,7,12,19,+1,4
57,Tommy Wingels,SJS,C,Apr 12 '88,Evanston,IL,USA,72,195,R,2008,6,177,,42,5,8,13,-9,26
21,James Wisniewski,CBJ,D,Feb 21 '84,Canton,MI,USA,72,208,R,2002,5,156,,30,5,9,14,-1,15
,JT Wyman,TBL,R,Feb 27 '86,Edina,MN,USA,74,209,R,2004,4,100,,1,0,0,0,-1,0
3,Keith Yandle,PHX,D,Sep 09 '86,Boston,MA,USA,73,190,L,2005,4,105,,48,10,20,30,+4,54
16,Jason Zucker,MIN,L,Jan 16 '92,Newport Beach,CA,USA,71,186,L,2010,2,59,Y,20,4,1,5,+4,8
